year_month,dong_code,dong,category,amount,count,customer,store_count
202407,47190250,선산읍,기타음식점,17133869000,638984,567281,0
202407,47190250,선산읍,양식,56665000,5416,4656,0
202407,47190250,선산읍,일식,147047000,2726,2633,0
202407,47190250,선산읍,제과점/아이스크림,213275000,17457,16225,0
202407,47190250,선산읍,중식,153182000,6308,6102,0
202407,47190250,선산읍,커피전문점,207522000,28101,24791,0
202407,47190250,선산읍,패스트푸드,83940000,5422,4804,0
202407,47190250,선산읍,한식,3110558000,94358,87270,0
202407,47190253,고아읍,기타음식점,18251999000,794697,650927,0
202407,47190253,고아읍,양식,209840000,10896,8882,0
202407,47190253,고아읍,일식,235395000,3899,3621,0
202407,47190253,고아읍,제과점/아이스크림,252339000,21693,20494,0
202407,47190253,고아읍,중식,342068000,13876,12527,0
202407,47190253,고아읍,커피전문점,873808000,68357,59520,0
202407,47190253,고아읍,패스트푸드,81670000,6991,6409,0
202407,47190253,고아읍,한식,4236961000,119559,109324,0
202407,47190256,산동읍,기타음식점,15801671000,564510,458597,0
202407,47190256,산동읍,양식,231629000,13655,11615,0
202407,47190256,산동읍,일식,153627000,2794,2569,0
202407,47190256,산동읍,제과점/아이스크림,299503000,25705,22917,0
202407,47190256,산동읍,중식,197125000,7903,6710,0
202407,47190256,산동읍,커피전문점,497533000,59732,49175,0
202407,47190256,산동읍,패스트푸드,101680000,9452,7944,0
202407,47190256,산동읍,한식,4424424000,124551,103825,0
202407,47190310,무을면,기타음식점,455742000,7686,6069,0
202407,47190310,무을면,양식,461000,27,27,0
202407,47190310,무을면,중식,28014000,939,740,0
202407,47190310,무을면,커피전문점,3120000,236,211,0
202407,47190310,무을면,한식,91556000,2222,1938,0
202407,47190320,옥성면,기타음식점,5142517000,91702,68398,0
202407,47190320,옥성면,한식,1729841000,224806,133301,0
202407,47190330,도개면,기타음식점,6407845000,146933,112678,0
202407,47190330,도개면,양식,3341000,452,407,0
202407,47190330,도개면,중식,42381000,1576,1423,0
202407,47190330,도개면,커피전문점,24978000,3481,2902,0
202407,47190330,도개면,한식,1952208000,201418,109078,0
202407,47190340,해평면,기타음식점,2897914000,55363,47361,0
202407,47190340,해평면,양식,943000,89,83,0
202407,47190340,해평면,중식,34354000,1107,1079,0
202407,47190340,해평면,커피전문점,8015000,594,561,0
202407,47190340,해평면,한식,540727000,15869,13726,0
202407,47190360,장천면,기타음식점,4969672000,99536,74931,0
202407,47190360,장천면,양식,2962000,149,109,0
202407,47190360,장천면,제과점/아이스크림,3535000,281,161,0
202407,47190360,장천면,중식,82047000,3464,2813,0
202407,47190360,장천면,커피전문점,15199000,898,678,0
202407,47190360,장천면,패스트푸드,3094000,128,128,0
202407,47190360,장천면,한식,462540000,12222,9237,0
202407,47190510,송정동,기타음식점,11915462000,475889,386815,0
202407,47190510,송정동,양식,162453000,9491,8513,0
202407,47190510,송정동,일식,308249000,4942,4490,0
202407,47190510,송정동,제과점/아이스크림,188446000,15041,13365,0
202407,47190510,송정동,중식,234019000,7671,6920,0
202407,47190510,송정동,커피전문점,307745000,45315,37846,0
202407,47190510,송정동,패스트푸드,191011000,15741,13025,0
202407,47190510,송정동,한식,3455458000,83339,73141,0
202407,47190535,원평동,기타음식점,33693766000,1036483,866812,0
202407,47190535,원평동,양식,145958000,11737,10136,0
202407,47190535,원평동,일식,146384000,4191,3739,0
202407,47190535,원평동,제과점/아이스크림,105569000,10923,9988,0
202407,47190535,원평동,중식,235130000,12444,10452,0
202407,47190535,원평동,커피전문점,458209000,62776,53912,0
202407,47190535,원평동,패스트푸드,62755000,7433,6391,0
202407,47190535,원평동,한식,3583493000,138838,118990,0
202407,47190551,도량동,기타음식점,17316393000,649976,580013,0
202407,47190551,도량동,양식,171792000,9599,8728,0
202407,47190551,도량동,일식,33047000,888,875,0
202407,47190551,도량동,제과점/아이스크림,269956000,17198,16163,0
202407,47190551,도량동,중식,115749000,5429,4884,0
202407,47190551,도량동,커피전문점,77713000,15554,14186,0
202407,47190551,도량동,패스트푸드,261050000,26168,22795,0
202407,47190551,도량동,한식,1999516000,48795,44762,0
202407,47190555,지산동,기타음식점,4758791000,112830,99393,0
202407,47190555,지산동,양식,4736000,323,303,0
202407,47190555,지산동,일식,4838000,95,95,0
202407,47190555,지산동,제과점/아이스크림,19492000,1512,1332,0
202407,47190555,지산동,중식,4377000,204,204,0
202407,47190555,지산동,커피전문점,42499000,2803,2497,0
202407,47190555,지산동,한식,388671000,7905,7226,0
202407,47190565,선주원남동,기타음식점,26399286000,1058772,893760,0
202407,47190565,선주원남동,양식,691393000,25797,22063,0
202407,47190565,선주원남동,일식,279971000,7462,6602,0
202407,47190565,선주원남동,제과점/아이스크림,412732000,31894,28994,0
202407,47190565,선주원남동,중식,308027000,12239,10628,0
202407,47190565,선주원남동,커피전문점,937450000,89344,75004,0
202407,47190565,선주원남동,패스트푸드,63858000,5323,4870,0
202407,47190565,선주원남동,한식,9957324000,270849,240371,0
202407,47190582,형곡1동,기타음식점,17666471000,473852,385308,0
202407,47190582,형곡1동,양식,61551000,4771,4266,0
202407,47190582,형곡1동,일식,92393000,2177,1993,0
202407,47190582,형곡1동,제과점/아이스크림,183107000,16650,14943,0
202407,47190582,형곡1동,중식,23359000,975,840,0
202407,47190582,형곡1동,커피전문점,200607000,28147,23712,0
202407,47190582,형곡1동,패스트푸드,131845000,14637,12294,0
202407,47190582,형곡1동,한식,1118997000,38840,35273,0
202407,47190583,형곡2동,기타음식점,5799572000,308552,256097,0
202407,47190583,형곡2동,양식,133711000,4364,3726,0
202407,47190583,형곡2동,일식,84990000,1252,1172,0
202407,47190583,형곡2동,제과점/아이스크림,148608000,10314,9193,0
202407,47190583,형곡2동,중식,66702000,3101,2741,0
202407,47190583,형곡2동,커피전문점,173139000,18699,16790,0
202407,47190583,형곡2동,패스트푸드,41697000,3928,3608,0
202407,47190583,형곡2동,한식,1920786000,53233,48803,0
202407,47190590,신평1동,기타음식점,5949846000,218574,182227,0
202407,47190590,신평1동,양식,23696000,2672,2162,0
202407,47190590,신평1동,일식,107595000,1637,1551,0
202407,47190590,신평1동,제과점/아이스크림,65179000,5255,4674,0
202407,47190590,신평1동,중식,60033000,2763,2386,0
202407,47190590,신평1동,커피전문점,150054000,19078,15731,0
202407,47190590,신평1동,패스트푸드,114877000,10990,9039,0
202407,47190590,신평1동,한식,1580642000,51206,45342,0
202407,47190600,신평2동,기타음식점,284827000,21439,17390,0
202407,47190600,신평2동,양식,2573000,97,97,0
202407,47190600,신평2동,일식,17674000,332,273,0
202407,47190600,신평2동,제과점/아이스크림,16000,7,7,0
202407,47190600,신평2동,커피전문점,5822000,357,323,0
202407,47190600,신평2동,한식,163264000,4139,3574,0
202407,47190610,비산동,기타음식점,6036026000,270126,223382,0
202407,47190610,비산동,양식,27640000,2528,2243,0
202407,47190610,비산동,일식,21655000,362,322,0
202407,47190610,비산동,제과점/아이스크림,51456000,4887,4383,0
202407,47190610,비산동,중식,34829000,1618,1438,0
202407,47190610,비산동,커피전문점,110513000,17407,15386,0
202407,47190610,비산동,패스트푸드,26737000,1949,1686,0
202407,47190610,비산동,한식,934912000,33236,27565,0
202407,47190630,광평동,기타음식점,9857854000,201768,172025,0
202407,47190630,광평동,양식,4724000,902,781,0
202407,47190630,광평동,중식,2054000,201,188,0
202407,47190630,광평동,커피전문점,34647000,6987,5565,0
202407,47190630,광평동,한식,118685000,3979,3555,0
202407,47190645,상모사곡동,기타음식점,10794928000,635719,477909,0
202407,47190645,상모사곡동,양식,124198000,9580,8477,0
202407,47190645,상모사곡동,일식,579027000,10224,9450,0
202407,47190645,상모사곡동,제과점/아이스크림,198857000,13813,12823,0
202407,47190645,상모사곡동,중식,241037000,8799,7713,0
202407,47190645,상모사곡동,커피전문점,429724000,59647,51582,0
202407,47190645,상모사곡동,패스트푸드,89777000,6337,5180,0
202407,47190645,상모사곡동,한식,4018995000,105675,95967,0
202407,47190660,임오동,기타음식점,12701755000,438667,378242,0
202407,47190660,임오동,양식,116996000,3504,3081,0
202407,47190660,임오동,일식,2559000,62,62,0
202407,47190660,임오동,제과점/아이스크림,67660000,6040,5163,0
202407,47190660,임오동,중식,77424000,3624,3194,0
202407,47190660,임오동,커피전문점,134069000,14828,11649,0
202407,47190660,임오동,패스트푸드,46390000,3799,3487,0
202407,47190660,임오동,한식,1369358000,41899,37035,0
202407,47190670,인동동,기타음식점,30981072000,1278094,1078038,0
202407,47190670,인동동,양식,254161000,13013,10854,0
202407,47190670,인동동,일식,99113000,1704,1482,0
202407,47190670,인동동,제과점/아이스크림,336812000,31626,28191,0
202407,47190670,인동동,중식,204967000,8354,6986,0
202407,47190670,인동동,커피전문점,534042000,83295,69867,0
202407,47190670,인동동,패스트푸드,322375000,32392,27127,0
202407,47190670,인동동,한식,5230617000,160386,139604,0
202407,47190680,진미동,기타음식점,17860446000,797505,603743,0
202407,47190680,진미동,양식,266893000,7066,5844,0
202407,47190680,진미동,일식,118448000,2265,1967,0
202407,47190680,진미동,제과점/아이스크림,200645000,16070,14332,0
202407,47190680,진미동,중식,300336000,11980,10211,0
202407,47190680,진미동,커피전문점,331481000,40716,33804,0
202407,47190680,진미동,패스트푸드,43025000,2640,2279,0
202407,47190680,진미동,한식,4186771000,120365,98346,0
202407,47190690,양포동,기타음식점,21989892000,1218482,885277,0
202407,47190690,양포동,양식,255383000,10805,9273,0
202407,47190690,양포동,일식,148397000,2409,2110,0
202407,47190690,양포동,제과점/아이스크림,241615000,24741,22660,0
202407,47190690,양포동,중식,226609000,10249,8427,0
202407,47190690,양포동,커피전문점,513793000,69499,60333,0
202407,47190690,양포동,패스트푸드,116177000,9022,8024,0
202407,47190690,양포동,한식,4656839000,138096,120711,0
202407,47190700,공단동,기타음식점,9918817000,298909,236142,0
202407,47190700,공단동,양식,23121000,2219,1941,0
202407,47190700,공단동,제과점/아이스크림,26059000,2426,2001,0
202407,47190700,공단동,중식,89831000,3430,2336,0
202407,47190700,공단동,커피전문점,91592000,15352,12177,0
202407,47190700,공단동,한식,746464000,31365,24077,0
202408,47190250,선산읍,기타음식점,18159939000,665147,591422,0
202408,47190250,선산읍,양식,57374000,5364,4625,0
202408,47190250,선산읍,일식,204384000,3270,3143,0
202408,47190250,선산읍,제과점/아이스크림,231898000,18364,17038,0
202408,47190250,선산읍,중식,154724000,7195,6685,0
202408,47190250,선산읍,커피전문점,241943000,31016,27084,0
202408,47190250,선산읍,패스트푸드,82748000,5289,4821,0
202408,47190250,선산읍,한식,3358296000,100496,91285,0
202408,47190253,고아읍,기타음식점,21593307000,883996,716195,0
202408,47190253,고아읍,양식,193018000,11205,9529,0
202408,47190253,고아읍,일식,165005000,3288,3110,0
202408,47190253,고아읍,제과점/아이스크림,253263000,21384,19988,0
202408,47190253,고아읍,중식,339159000,13876,12241,0
202408,47190253,고아읍,커피전문점,945866000,75061,65444,0
202408,47190253,고아읍,패스트푸드,80215000,6826,6291,0
202408,47190253,고아읍,한식,4300168000,123515,112952,0
202408,47190256,산동읍,기타음식점,15518384000,567667,459833,0
202408,47190256,산동읍,양식,214671000,13431,11006,0
202408,47190256,산동읍,일식,176229000,3488,3032,0
202408,47190256,산동읍,제과점/아이스크림,310237000,25651,22901,0
202408,47190256,산동읍,중식,179187000,7274,5897,0
202408,47190256,산동읍,커피전문점,537120000,63567,51496,0
202408,47190256,산동읍,패스트푸드,103295000,9423,7909,0
202408,47190256,산동읍,한식,4508370000,125654,103918,0
202408,47190310,무을면,기타음식점,417763000,8141,6398,0
202408,47190310,무을면,양식,662000,41,35,0
202408,47190310,무을면,중식,22899000,872,780,0
202408,47190310,무을면,커피전문점,5728000,358,317,0
202408,47190310,무을면,한식,70531000,1997,1844,0
202408,47190320,옥성면,기타음식점,5304692000,103308,75806,0
202408,47190320,옥성면,한식,2050540000,260794,153970,0
202408,47190330,도개면,기타음식점,6873733000,160340,123691,0
202408,47190330,도개면,양식,2816000,382,361,0
202408,47190330,도개면,중식,38381000,1492,1305,0
202408,47190330,도개면,커피전문점,27416000,3943,3294,0
202408,47190330,도개면,한식,2368486000,249641,131017,0
202408,47190340,해평면,기타음식점,2404784000,53793,46015,0
202408,47190340,해평면,양식,1802000,102,96,0
202408,47190340,해평면,중식,42116000,1535,1296,0
202408,47190340,해평면,커피전문점,12330000,888,782,0
202408,47190340,해평면,한식,554682000,15983,13988,0
202408,47190360,장천면,기타음식점,4668184000,99288,75394,0
202408,47190360,장천면,양식,2942000,130,124,0
202408,47190360,장천면,제과점/아이스크림,1878000,228,122,0
202408,47190360,장천면,중식,79457000,3287,2460,0
202408,47190360,장천면,커피전문점,18436000,1248,881,0
202408,47190360,장천면,패스트푸드,2180000,115,89,0
202408,47190360,장천면,한식,504307000,12516,9134,0
202408,47190510,송정동,기타음식점,10872729000,473856,379628,0
202408,47190510,송정동,양식,157492000,9955,8734,0
202408,47190510,송정동,일식,367849000,5692,5277,0
202408,47190510,송정동,제과점/아이스크림,195756000,15822,13781,0
202408,47190510,송정동,중식,228103000,8056,7169,0
202408,47190510,송정동,커피전문점,310063000,45197,37429,0
202408,47190510,송정동,패스트푸드,199518000,15907,13596,0
202408,47190510,송정동,한식,3480415000,82902,73471,0
202408,47190535,원평동,기타음식점,31831817000,1020757,850515,0
202408,47190535,원평동,양식,137283000,11202,9835,0
202408,47190535,원평동,일식,149110000,4026,3687,0
202408,47190535,원평동,제과점/아이스크림,111672000,11765,10366,0
202408,47190535,원평동,중식,266457000,12185,9687,0
202408,47190535,원평동,커피전문점,461822000,63458,54339,0
202408,47190535,원평동,패스트푸드,64781000,7899,6760,0
202408,47190535,원평동,한식,3735380000,140847,119529,0
202408,47190551,도량동,기타음식점,18691160000,679388,604255,0
202408,47190551,도량동,양식,165363000,9901,8895,0
202408,47190551,도량동,일식,136991000,2200,2127,0
202408,47190551,도량동,제과점/아이스크림,273960000,16632,15400,0
202408,47190551,도량동,중식,120928000,5364,4842,0
202408,47190551,도량동,커피전문점,82455000,16693,14465,0
202408,47190551,도량동,패스트푸드,276563000,26199,22974,0
202408,47190551,도량동,한식,1907589000,45758,42082,0
202408,47190555,지산동,기타음식점,4628974000,108531,96267,0
202408,47190555,지산동,양식,4746000,284,278,0
202408,47190555,지산동,일식,7733000,115,109,0
202408,47190555,지산동,제과점/아이스크림,24293000,1881,1531,0
202408,47190555,지산동,중식,3943000,195,175,0
202408,47190555,지산동,커피전문점,53947000,3652,3010,0
202408,47190555,지산동,한식,387804000,8104,7145,0
202408,47190565,선주원남동,기타음식점,26745191000,1073252,902146,0
202408,47190565,선주원남동,양식,753671000,28336,23784,0
202408,47190565,선주원남동,일식,378630000,9239,8026,0
202408,47190565,선주원남동,제과점/아이스크림,413925000,33396,29954,0
202408,47190565,선주원남동,중식,298272000,12640,11360,0
202408,47190565,선주원남동,커피전문점,986217000,92053,75873,0
202408,47190565,선주원남동,패스트푸드,66548000,5011,4586,0
202408,47190565,선주원남동,한식,9934322000,271184,241035,0
202408,47190582,형곡1동,기타음식점,17883627000,475642,391123,0
202408,47190582,형곡1동,양식,66208000,5031,4289,0
202408,47190582,형곡1동,일식,104566000,2443,2296,0
202408,47190582,형곡1동,제과점/아이스크림,186748000,16929,14883,0
202408,47190582,형곡1동,중식,19369000,1207,828,0
202408,47190582,형곡1동,커피전문점,214619000,28075,24307,0
202408,47190582,형곡1동,패스트푸드,143296000,14874,12803,0
202408,47190582,형곡1동,한식,1065731000,40325,37033,0
202408,47190583,형곡2동,기타음식점,5768278000,323459,264091,0
202408,47190583,형곡2동,양식,112890000,3820,3303,0
202408,47190583,형곡2동,일식,98260000,1416,1304,0
202408,47190583,형곡2동,제과점/아이스크림,142462000,9429,8560,0
202408,47190583,형곡2동,중식,54770000,2822,2535,0
202408,47190583,형곡2동,커피전문점,180082000,19456,17111,0
202408,47190583,형곡2동,패스트푸드,45556000,4240,3929,0
202408,47190583,형곡2동,한식,2275685000,59115,54463,0
202408,47190590,신평1동,기타음식점,5443990000,215153,175757,0
202408,47190590,신평1동,양식,28126000,2935,2549,0
202408,47190590,신평1동,일식,106479000,1592,1558,0
202408,47190590,신평1동,제과점/아이스크림,56858000,4536,4090,0
202408,47190590,신평1동,중식,60478000,2771,2262,0
202408,47190590,신평1동,커피전문점,154142000,19989,16828,0
202408,47190590,신평1동,패스트푸드,129048000,11147,8949,0
202408,47190590,신평1동,한식,1582230000,52073,46788,0
202408,47190600,신평2동,기타음식점,266431000,21826,16748,0
202408,47190600,신평2동,양식,3320000,136,130,0
202408,47190600,신평2동,일식,28691000,443,378,0
202408,47190600,신평2동,제과점/아이스크림,59000,34,14,0
202408,47190600,신평2동,커피전문점,5555000,371,344,0
202408,47190600,신평2동,한식,134771000,4261,3589,0
202408,47190610,비산동,기타음식점,6491686000,275386,227913,0
202408,47190610,비산동,양식,25656000,2456,2111,0
202408,47190610,비산동,일식,25556000,468,401,0
202408,47190610,비산동,제과점/아이스크림,55922000,4954,4429,0
202408,47190610,비산동,중식,35387000,1779,1561,0
202408,47190610,비산동,커피전문점,114384000,18012,15430,0
202408,47190610,비산동,패스트푸드,27011000,1891,1698,0
202408,47190610,비산동,한식,861583000,31754,27149,0
202408,47190630,광평동,기타음식점,10950982000,205529,176044,0
202408,47190630,광평동,양식,5252000,1020,771,0
202408,47190630,광평동,중식,3316000,202,169,0
202408,47190630,광평동,커피전문점,38620000,7880,5792,0
202408,47190630,광평동,한식,128195000,4065,3555,0
202408,47190645,상모사곡동,기타음식점,10890463000,640825,483902,0
202408,47190645,상모사곡동,양식,118510000,9835,8391,0
202408,47190645,상모사곡동,일식,700615000,11945,10836,0
202408,47190645,상모사곡동,제과점/아이스크림,193668000,14124,12996,0
202408,47190645,상모사곡동,중식,241308000,8394,7310,0
202408,47190645,상모사곡동,커피전문점,443548000,62390,54687,0
202408,47190645,상모사곡동,패스트푸드,87239000,6343,5251,0
202408,47190645,상모사곡동,한식,3938139000,107599,97797,0
202408,47190660,임오동,기타음식점,13246703000,450912,388243,0
202408,47190660,임오동,양식,98435000,3733,3320,0
202408,47190660,임오동,일식,1128000,42,42,0
202408,47190660,임오동,제과점/아이스크림,59404000,5126,4788,0
202408,47190660,임오동,중식,84305000,3777,3060,0
202408,47190660,임오동,커피전문점,125098000,14214,11210,0
202408,47190660,임오동,패스트푸드,52517000,4197,3807,0
202408,47190660,임오동,한식,1391020000,42355,38092,0
202408,47190670,인동동,기타음식점,31354097000,1311718,1097864,0
202408,47190670,인동동,양식,239442000,12711,10871,0
202408,47190670,인동동,일식,103742000,1774,1635,0
202408,47190670,인동동,제과점/아이스크림,344184000,30924,27454,0
202408,47190670,인동동,중식,207931000,8538,7068,0
202408,47190670,인동동,커피전문점,539764000,85087,70028,0
202408,47190670,인동동,패스트푸드,328169000,32449,27181,0
202408,47190670,인동동,한식,5222376000,158717,137552,0
202408,47190680,진미동,기타음식점,18782101000,783246,604751,0
202408,47190680,진미동,양식,278013000,7951,6164,0
202408,47190680,진미동,일식,136056000,2485,2119,0
202408,47190680,진미동,제과점/아이스크림,179881000,14804,13094,0
202408,47190680,진미동,중식,301246000,10746,9419,0
202408,47190680,진미동,커피전문점,325836000,40345,33472,0
202408,47190680,진미동,패스트푸드,75146000,4805,4044,0
202408,47190680,진미동,한식,4299158000,122707,101113,0
202408,47190690,양포동,기타음식점,23244106000,1247379,889486,0
202408,47190690,양포동,양식,211932000,10662,9045,0
202408,47190690,양포동,일식,212672000,3842,3429,0
202408,47190690,양포동,제과점/아이스크림,344340000,36651,31005,0
202408,47190690,양포동,중식,240848000,10955,9170,0
202408,47190690,양포동,커피전문점,507035000,67984,59672,0
202408,47190690,양포동,패스트푸드,122714000,8901,8023,0
202408,47190690,양포동,한식,4648495000,139647,118843,0
202408,47190700,공단동,기타음식점,8628146000,274043,212235,0
202408,47190700,공단동,양식,24555000,2007,1602,0
202408,47190700,공단동,제과점/아이스크림,23070000,2118,1853,0
202408,47190700,공단동,중식,59578000,2531,1954,0
202408,47190700,공단동,커피전문점,90041000,14096,11744,0
202408,47190700,공단동,한식,746749000,31655,24433,0
202409,47190250,선산읍,기타음식점,16606086000,590073,520267,0
202409,47190250,선산읍,양식,55574000,5101,4318,0
202409,47190250,선산읍,일식,111172000,1691,1677,0
202409,47190250,선산읍,제과점/아이스크림,206653000,15518,14268,0
202409,47190250,선산읍,중식,147840000,6681,6269,0
202409,47190250,선산읍,커피전문점,226028000,28852,25184,0
202409,47190250,선산읍,패스트푸드,81589000,4606,4054,0
202409,47190250,선산읍,한식,3084413000,92072,83999,0
202409,47190253,고아읍,기타음식점,19969371000,858515,688396,0
202409,47190253,고아읍,양식,166087000,10193,8511,0
202409,47190253,고아읍,일식,165844000,3168,3015,0
202409,47190253,고아읍,제과점/아이스크림,230007000,19447,18305,0
202409,47190253,고아읍,중식,333164000,12765,11736,0
202409,47190253,고아읍,커피전문점,860105000,67504,58878,0
202409,47190253,고아읍,패스트푸드,83668000,6384,5789,0
202409,47190253,고아읍,한식,3746183000,104351,96214,0
202409,47190256,산동읍,기타음식점,15414003000,570638,447120,0
202409,47190256,산동읍,양식,180049000,12429,10291,0
202409,47190256,산동읍,일식,155114000,2829,2456,0
202409,47190256,산동읍,제과점/아이스크림,379434000,28441,25295,0
202409,47190256,산동읍,중식,177451000,6921,5546,0
202409,47190256,산동읍,커피전문점,491340000,62354,49759,0
202409,47190256,산동읍,패스트푸드,100825000,8767,7162,0
202409,47190256,산동읍,한식,4058979000,116196,93913,0
202409,47190310,무을면,기타음식점,382154000,7183,5717,0
202409,47190310,무을면,양식,264000,21,21,0
202409,47190310,무을면,중식,20926000,748,748,0
202409,47190310,무을면,커피전문점,2237000,142,135,0
202409,47190310,무을면,한식,69374000,1931,1823,0
202409,47190320,옥성면,기타음식점,4606535000,94690,71065,0
202409,47190320,옥성면,한식,2009367000,252475,147207,0
202409,47190330,도개면,기타음식점,6805067000,161684,122282,0
202409,47190330,도개면,양식,3614000,586,506,0
202409,47190330,도개면,중식,46549000,1797,1585,0
202409,47190330,도개면,커피전문점,30235000,4302,3317,0
202409,47190330,도개면,한식,2169733000,234350,123599,0
202409,47190340,해평면,기타음식점,2047499000,48951,41353,0
202409,47190340,해평면,양식,689000,48,42,0
202409,47190340,해평면,중식,36320000,1185,1013,0
202409,47190340,해평면,커피전문점,9786000,659,560,0
202409,47190340,해평면,한식,560001000,15620,13201,0
202409,47190360,장천면,기타음식점,4843521000,91831,68832,0
202409,47190360,장천면,양식,2300000,128,121,0
202409,47190360,장천면,제과점/아이스크림,2337000,153,114,0
202409,47190360,장천면,중식,58792000,2912,2271,0
202409,47190360,장천면,커피전문점,14127000,1276,800,0
202409,47190360,장천면,패스트푸드,5482000,149,115,0
202409,47190360,장천면,한식,472010000,11283,8245,0
202409,47190510,송정동,기타음식점,10118802000,457943,357267,0
202409,47190510,송정동,양식,145643000,8904,7763,0
202409,47190510,송정동,일식,323596000,4672,4101,0
202409,47190510,송정동,제과점/아이스크림,154930000,13089,11466,0
202409,47190510,송정동,중식,211311000,7417,6466,0
202409,47190510,송정동,커피전문점,278470000,43078,35673,0
202409,47190510,송정동,패스트푸드,183187000,13992,11807,0
202409,47190510,송정동,한식,3117480000,72087,63287,0
202409,47190535,원평동,기타음식점,30507290000,948887,785156,0
202409,47190535,원평동,양식,138426000,10916,9167,0
202409,47190535,원평동,일식,157796000,3776,3344,0
202409,47190535,원평동,제과점/아이스크림,146247000,12383,11316,0
202409,47190535,원평동,중식,251240000,11113,9333,0
202409,47190535,원평동,커피전문점,402238000,56712,48480,0
202409,47190535,원평동,패스트푸드,76711000,8102,6976,0
202409,47190535,원평동,한식,3482238000,127614,107012,0
202409,47190551,도량동,기타음식점,16348115000,609468,538690,0
202409,47190551,도량동,양식,141181000,8522,7534,0
202409,47190551,도량동,일식,113239000,1368,1248,0
202409,47190551,도량동,제과점/아이스크림,248837000,15731,14613,0
202409,47190551,도량동,중식,114300000,5388,4785,0
202409,47190551,도량동,커피전문점,79425000,15408,13982,0
202409,47190551,도량동,패스트푸드,294313000,27159,23722,0
202409,47190551,도량동,한식,1680131000,40919,37077,0
202409,47190555,지산동,기타음식점,4932983000,108639,94299,0
202409,47190555,지산동,양식,5767000,369,269,0
202409,47190555,지산동,일식,3156000,74,74,0
202409,47190555,지산동,제과점/아이스크림,21393000,1580,1392,0
202409,47190555,지산동,중식,4055000,129,129,0
202409,47190555,지산동,커피전문점,49368000,3355,2881,0
202409,47190555,지산동,한식,263249000,6262,5750,0
202409,47190565,선주원남동,기타음식점,25877544000,1053713,866703,0
202409,47190565,선주원남동,양식,840427000,28369,24069,0
202409,47190565,선주원남동,일식,302542000,7553,6515,0
202409,47190565,선주원남동,제과점/아이스크림,343438000,27119,24078,0
202409,47190565,선주원남동,중식,284249000,12303,10907,0
202409,47190565,선주원남동,커피전문점,972157000,90492,74826,0
202409,47190565,선주원남동,패스트푸드,64525000,5322,4732,0
202409,47190565,선주원남동,한식,9130951000,249965,217599,0
202409,47190582,형곡1동,기타음식점,15126064000,418638,343999,0
202409,47190582,형곡1동,양식,70793000,4939,4044,0
202409,47190582,형곡1동,일식,116647000,2404,2263,0
202409,47190582,형곡1동,제과점/아이스크림,183340000,16015,14257,0
202409,47190582,형곡1동,중식,25115000,1303,872,0
202409,47190582,형곡1동,커피전문점,171854000,23744,20941,0
202409,47190582,형곡1동,패스트푸드,133499000,13883,11929,0
202409,47190582,형곡1동,한식,1079484000,37353,34128,0
202409,47190583,형곡2동,기타음식점,5839757000,297246,243354,0
202409,47190583,형곡2동,양식,97768000,3610,3148,0
202409,47190583,형곡2동,일식,56578000,967,934,0
202409,47190583,형곡2동,제과점/아이스크림,135605000,9098,8111,0
202409,47190583,형곡2동,중식,57621000,2814,2599,0
202409,47190583,형곡2동,커피전문점,142819000,15901,14167,0
202409,47190583,형곡2동,패스트푸드,45326000,4324,3977,0
202409,47190583,형곡2동,한식,1968801000,49992,45783,0
202409,47190590,신평1동,기타음식점,5510102000,206313,170820,0
202409,47190590,신평1동,양식,23946000,2568,2138,0
202409,47190590,신평1동,일식,106759000,1474,1354,0
202409,47190590,신평1동,제과점/아이스크림,59962000,4352,3970,0
202409,47190590,신평1동,중식,42291000,1983,1845,0
202409,47190590,신평1동,커피전문점,153354000,18862,15716,0
202409,47190590,신평1동,패스트푸드,124244000,10953,8906,0
202409,47190590,신평1동,한식,1463115000,46339,41701,0
202409,47190600,신평2동,기타음식점,242671000,19837,15853,0
202409,47190600,신평2동,양식,3671000,138,138,0
202409,47190600,신평2동,일식,19119000,320,266,0
202409,47190600,신평2동,제과점/아이스크림,6000,7,7,0
202409,47190600,신평2동,커피전문점,5795000,329,317,0
202409,47190600,신평2동,한식,139623000,3814,3352,0
202409,47190610,비산동,기타음식점,5874588000,260120,213231,0
202409,47190610,비산동,양식,25182000,2530,2157,0
202409,47190610,비산동,일식,13028000,214,181,0
202409,47190610,비산동,제과점/아이스크림,52631000,4649,4271,0
202409,47190610,비산동,중식,28128000,1423,1284,0
202409,47190610,비산동,커피전문점,102808000,16452,14441,0
202409,47190610,비산동,패스트푸드,30895000,2099,1715,0
202409,47190610,비산동,한식,807380000,28323,24224,0
202409,47190630,광평동,기타음식점,9796883000,189865,161222,0
202409,47190630,광평동,양식,5397000,1100,838,0
202409,47190630,광평동,중식,1186000,101,95,0
202409,47190630,광평동,커피전문점,30502000,6404,5093,0
202409,47190630,광평동,한식,113411000,3243,2793,0
202409,47190645,상모사곡동,기타음식점,10526554000,661304,476235,0
202409,47190645,상모사곡동,양식,126685000,8398,7270,0
202409,47190645,상모사곡동,일식,542197000,8828,8163,0
202409,47190645,상모사곡동,제과점/아이스크림,203479000,13769,12846,0
202409,47190645,상모사곡동,중식,208011000,7320,6436,0
202409,47190645,상모사곡동,커피전문점,423389000,57426,49781,0
202409,47190645,상모사곡동,패스트푸드,76512000,5652,4505,0
202409,47190645,상모사곡동,한식,3573183000,93805,84498,0
202409,47190660,임오동,기타음식점,12125769000,418240,359849,0
202409,47190660,임오동,양식,67003000,2877,2620,0
202409,47190660,임오동,제과점/아이스크림,68313000,5525,5121,0
202409,47190660,임오동,중식,77635000,3173,2829,0
202409,47190660,임오동,커피전문점,114352000,13505,10602,0
202409,47190660,임오동,패스트푸드,42504000,3337,2932,0
202409,47190660,임오동,한식,1109842000,36570,32706,0
202409,47190670,인동동,기타음식점,29989223000,1233795,1028656,0
202409,47190670,인동동,양식,229317000,12205,10096,0
202409,47190670,인동동,일식,117343000,1865,1744,0
202409,47190670,인동동,제과점/아이스크림,345642000,29579,26561,0
202409,47190670,인동동,중식,233678000,8680,7273,0
202409,47190670,인동동,커피전문점,508226000,77970,65547,0
202409,47190670,인동동,패스트푸드,312926000,29549,25219,0
202409,47190670,인동동,한식,4718416000,141011,123089,0
202409,47190680,진미동,기타음식점,17542588000,741116,568217,0
202409,47190680,진미동,양식,342422000,7654,6156,0
202409,47190680,진미동,일식,153751000,2418,1924,0
202409,47190680,진미동,제과점/아이스크림,181271000,14077,12545,0
202409,47190680,진미동,중식,269491000,10179,8741,0
202409,47190680,진미동,커피전문점,294312000,38409,31442,0
202409,47190680,진미동,패스트푸드,108532000,7143,6222,0
202409,47190680,진미동,한식,4204726000,114207,93766,0
202409,47190690,양포동,기타음식점,21714370000,1299995,905828,0
202409,47190690,양포동,양식,213823000,10208,8728,0
202409,47190690,양포동,일식,224730000,3933,3441,0
202409,47190690,양포동,제과점/아이스크림,315181000,32708,28310,0
202409,47190690,양포동,중식,240636000,10782,8589,0
202409,47190690,양포동,커피전문점,482153000,66536,57393,0
202409,47190690,양포동,패스트푸드,122652000,9441,8258,0
202409,47190690,양포동,한식,4556993000,151235,125906,0
202409,47190700,공단동,기타음식점,9854134000,376776,308491,0
202409,47190700,공단동,양식,19158000,1601,1330,0
202409,47190700,공단동,제과점/아이스크림,53728000,1875,1630,0
202409,47190700,공단동,중식,51315000,2295,1638,0
202409,47190700,공단동,커피전문점,72276000,12617,10200,0
202409,47190700,공단동,한식,634568000,27399,21079,0
202410,47190250,선산읍,기타음식점,17784185000,578159,513858,0
202410,47190250,선산읍,양식,54015000,4716,4012,0
202410,47190250,선산읍,일식,83336000,1301,1220,0
202410,47190250,선산읍,제과점/아이스크림,197543000,15845,14771,0
202410,47190250,선산읍,중식,179974000,7806,7212,0
202410,47190250,선산읍,커피전문점,195890000,25120,21875,0
202410,47190250,선산읍,패스트푸드,73553000,4748,4394,0
202410,47190250,선산읍,한식,3100951000,99890,90123,0
202410,47190253,고아읍,기타음식점,19861694000,845361,674639,0
202410,47190253,고아읍,양식,140344000,8830,7675,0
202410,47190253,고아읍,일식,169073000,3526,3235,0
202410,47190253,고아읍,제과점/아이스크림,247708000,20282,18972,0
202410,47190253,고아읍,중식,341466000,14504,12987,0
202410,47190253,고아읍,커피전문점,719243000,60308,52636,0
202410,47190253,고아읍,패스트푸드,81384000,6543,6044,0
202410,47190253,고아읍,한식,3952367000,117747,107619,0
202410,47190256,산동읍,기타음식점,16264562000,584936,465859,0
202410,47190256,산동읍,양식,195985000,12905,10675,0
202410,47190256,산동읍,일식,147624000,2738,2419,0
202410,47190256,산동읍,제과점/아이스크림,383264000,30308,27479,0
202410,47190256,산동읍,중식,176273000,7226,5925,0
202410,47190256,산동읍,커피전문점,482272000,59557,49421,0
202410,47190256,산동읍,패스트푸드,99162000,8559,7194,0
202410,47190256,산동읍,한식,4377857000,123943,101308,0
202410,47190310,무을면,기타음식점,832719000,8096,6313,0
202410,47190310,무을면,양식,1097000,73,47,0
202410,47190310,무을면,중식,27373000,1056,951,0
202410,47190310,무을면,커피전문점,2394000,190,164,0
202410,47190310,무을면,한식,94478000,2656,2371,0
202410,47190320,옥성면,기타음식점,5120111000,94893,68981,0
202410,47190320,옥성면,한식,1993383000,249497,145802,0
202410,47190330,도개면,기타음식점,6937090000,148825,113251,0
202410,47190330,도개면,양식,3111000,495,409,0
202410,47190330,도개면,중식,62202000,2275,2010,0
202410,47190330,도개면,커피전문점,23266000,3179,2607,0
202410,47190330,도개면,한식,2092737000,219043,117269,0
202410,47190340,해평면,기타음식점,3141147000,51903,43515,0
202410,47190340,해평면,양식,1199000,62,62,0
202410,47190340,해평면,중식,43109000,1469,1296,0
202410,47190340,해평면,커피전문점,9723000,704,657,0
202410,47190340,해평면,한식,663268000,18975,16014,0
202410,47190360,장천면,기타음식점,5756875000,90561,69442,0
202410,47190360,장천면,양식,1391000,116,84,0
202410,47190360,장천면,제과점/아이스크림,1527000,89,89,0
202410,47190360,장천면,중식,89240000,4014,2854,0
202410,47190360,장천면,커피전문점,10965000,823,517,0
202410,47190360,장천면,패스트푸드,2283000,103,103,0
202410,47190360,장천면,한식,530161000,12847,9212,0
202410,47190510,송정동,기타음식점,11255887000,474976,370699,0
202410,47190510,송정동,양식,181432000,10121,8651,0
202410,47190510,송정동,일식,319620000,4423,3931,0
202410,47190510,송정동,제과점/아이스크림,178434000,15473,13621,0
202410,47190510,송정동,중식,235349000,8357,7395,0
202410,47190510,송정동,커피전문점,288958000,41983,35522,0
202410,47190510,송정동,패스트푸드,168715000,13361,11802,0
202410,47190510,송정동,한식,3177940000,83883,73635,0
202410,47190535,원평동,기타음식점,32035875000,928416,779313,0
202410,47190535,원평동,양식,143131000,11604,9446,0
202410,47190535,원평동,일식,129210000,3521,3029,0
202410,47190535,원평동,제과점/아이스크림,119661000,11771,10370,0
202410,47190535,원평동,중식,235784000,11632,9736,0
202410,47190535,원평동,커피전문점,380271000,52035,45015,0
202410,47190535,원평동,패스트푸드,88145000,9070,7546,0
202410,47190535,원평동,한식,3353119000,130061,111405,0
202410,47190551,도량동,기타음식점,15994379000,607958,542448,0
202410,47190551,도량동,양식,159937000,8754,7822,0
202410,47190551,도량동,일식,110827000,1495,1440,0
202410,47190551,도량동,제과점/아이스크림,284104000,20648,18977,0
202410,47190551,도량동,중식,116891000,5503,4972,0
202410,47190551,도량동,커피전문점,73709000,14621,13032,0
202410,47190551,도량동,패스트푸드,248384000,23951,21095,0
202410,47190551,도량동,한식,1581590000,36641,33359,0
202410,47190555,지산동,기타음식점,5412739000,105654,92773,0
202410,47190555,지산동,양식,5003000,370,246,0
202410,47190555,지산동,일식,5525000,95,95,0
202410,47190555,지산동,제과점/아이스크림,13778000,1132,1065,0
202410,47190555,지산동,중식,4834000,228,188,0
202410,47190555,지산동,커피전문점,53374000,3528,2930,0
202410,47190555,지산동,한식,285582000,7123,6399,0
202410,47190565,선주원남동,기타음식점,25300341000,1044877,864517,0
202410,47190565,선주원남동,양식,869000000,29649,24655,0
202410,47190565,선주원남동,일식,271460000,6858,6121,0
202410,47190565,선주원남동,제과점/아이스크림,420531000,32695,28758,0
202410,47190565,선주원남동,중식,319884000,14544,11895,0
202410,47190565,선주원남동,커피전문점,894047000,87860,73530,0
202410,47190565,선주원남동,패스트푸드,76703000,6234,5076,0
202410,47190565,선주원남동,한식,9400766000,264191,230103,0
202410,47190582,형곡1동,기타음식점,16351455000,438397,361835,0
202410,47190582,형곡1동,양식,53473000,4646,4032,0
202410,47190582,형곡1동,일식,96945000,2202,2150,0
202410,47190582,형곡1동,제과점/아이스크림,169690000,15102,13681,0
202410,47190582,형곡1동,중식,35174000,1711,1169,0
202410,47190582,형곡1동,커피전문점,157254000,22828,19886,0
202410,47190582,형곡1동,패스트푸드,117511000,12926,11403,0
202410,47190582,형곡1동,한식,1056318000,38975,35682,0
202410,47190583,형곡2동,기타음식점,5652913000,288115,240728,0
202410,47190583,형곡2동,양식,77929000,3548,3078,0
202410,47190583,형곡2동,일식,79098000,1121,1061,0
202410,47190583,형곡2동,제과점/아이스크림,139532000,9683,8750,0
202410,47190583,형곡2동,중식,66048000,2762,2512,0
202410,47190583,형곡2동,커피전문점,142384000,15520,13967,0
202410,47190583,형곡2동,패스트푸드,48470000,4413,3980,0
202410,47190583,형곡2동,한식,2092303000,52773,48357,0
202410,47190590,신평1동,기타음식점,5507689000,209596,174606,0
202410,47190590,신평1동,양식,24522000,2694,2304,0
202410,47190590,신평1동,일식,96216000,1327,1160,0
202410,47190590,신평1동,제과점/아이스크림,75534000,4884,4422,0
202410,47190590,신평1동,중식,45476000,2157,1945,0
202410,47190590,신평1동,커피전문점,127843000,16986,14224,0
202410,47190590,신평1동,패스트푸드,103589000,9813,8079,0
202410,47190590,신평1동,한식,1601163000,50957,44878,0
202410,47190600,신평2동,기타음식점,296768000,21349,16552,0
202410,47190600,신평2동,양식,3332000,110,90,0
202410,47190600,신평2동,일식,20318000,324,260,0
202410,47190600,신평2동,제과점/아이스크림,13000,7,7,0
202410,47190600,신평2동,커피전문점,3173000,263,243,0
202410,47190600,신평2동,한식,124084000,3948,3628,0
202410,47190610,비산동,기타음식점,6796295000,272642,227164,0
202410,47190610,비산동,양식,28466000,2329,2050,0
202410,47190610,비산동,일식,4859000,97,97,0
202410,47190610,비산동,제과점/아이스크림,63511000,5372,4850,0
202410,47190610,비산동,중식,40672000,1791,1585,0
202410,47190610,비산동,커피전문점,87815000,14512,13014,0
202410,47190610,비산동,패스트푸드,27289000,1951,1666,0
202410,47190610,비산동,한식,925068000,32566,28299,0
202410,47190630,광평동,기타음식점,9491539000,181690,154388,0
202410,47190630,광평동,양식,6489000,1158,845,0
202410,47190630,광평동,제과점/아이스크림,3190000,206,200,0
202410,47190630,광평동,중식,1734000,141,141,0
202410,47190630,광평동,커피전문점,51627000,5801,4643,0
202410,47190630,광평동,한식,122931000,3456,3150,0
202410,47190645,상모사곡동,기타음식점,10632350000,655263,477706,0
202410,47190645,상모사곡동,양식,114408000,8573,7290,0
202410,47190645,상모사곡동,일식,472163000,7950,7245,0
202410,47190645,상모사곡동,제과점/아이스크림,215554000,14627,13527,0
202410,47190645,상모사곡동,중식,228971000,8234,7346,0
202410,47190645,상모사곡동,커피전문점,388537000,54940,47545,0
202410,47190645,상모사곡동,패스트푸드,93751000,7232,6155,0
202410,47190645,상모사곡동,한식,3919643000,100566,89388,0
202410,47190660,임오동,기타음식점,11881849000,416954,359233,0
202410,47190660,임오동,양식,72765000,3066,2763,0
202410,47190660,임오동,일식,484000,14,14,0
202410,47190660,임오동,제과점/아이스크림,75654000,6020,5646,0
202410,47190660,임오동,중식,81898000,3477,3151,0
202410,47190660,임오동,커피전문점,110395000,13622,10215,0
202410,47190660,임오동,패스트푸드,46192000,3763,3374,0
202410,47190660,임오동,한식,1131090000,37384,32979,0
202410,47190670,인동동,기타음식점,30564943000,1242247,1045184,0
202410,47190670,인동동,양식,263366000,13157,10586,0
202410,47190670,인동동,일식,141800000,2034,1717,0
202410,47190670,인동동,제과점/아이스크림,284323000,26940,24289,0
202410,47190670,인동동,중식,226132000,9382,7742,0
202410,47190670,인동동,커피전문점,480905000,76782,63597,0
202410,47190670,인동동,패스트푸드,311498000,30327,25358,0
202410,47190670,인동동,한식,4897922000,151824,131649,0
202410,47190680,진미동,기타음식점,17345933000,733806,566970,0
202410,47190680,진미동,양식,299582000,7016,5727,0
202410,47190680,진미동,일식,142046000,2274,1758,0
202410,47190680,진미동,제과점/아이스크림,178195000,13678,12511,0
202410,47190680,진미동,중식,310827000,11052,9848,0
202410,47190680,진미동,커피전문점,267077000,36245,29641,0
202410,47190680,진미동,패스트푸드,71019000,4809,4256,0
202410,47190680,진미동,한식,4042384000,115929,96651,0
202410,47190690,양포동,기타음식점,21308793000,1322449,924335,0
202410,47190690,양포동,양식,197606000,10187,8542,0
202410,47190690,양포동,일식,175057000,3296,2911,0
202410,47190690,양포동,제과점/아이스크림,356039000,36338,30858,0
202410,47190690,양포동,중식,223480000,10720,8660,0
202410,47190690,양포동,커피전문점,458707000,64562,55351,0
202410,47190690,양포동,패스트푸드,126657000,10256,8994,0
202410,47190690,양포동,한식,4856973000,164959,137350,0
202410,47190700,공단동,기타음식점,9909603000,324326,259967,0
202410,47190700,공단동,양식,21559000,1673,1390,0
202410,47190700,공단동,제과점/아이스크림,28767000,2537,2250,0
202410,47190700,공단동,중식,74066000,2881,2036,0
202410,47190700,공단동,커피전문점,74264000,12827,10147,0
202410,47190700,공단동,한식,674160000,29005,23064,0
202411,47190250,선산읍,기타음식점,17924875000,592376,524466,0
202411,47190250,선산읍,양식,41264000,3654,3262,0
202411,47190250,선산읍,일식,123690000,1481,1294,0
202411,47190250,선산읍,제과점/아이스크림,202676000,14460,13638,0
202411,47190250,선산읍,중식,161980000,7577,6912,0
202411,47190250,선산읍,커피전문점,191482000,25213,21716,0
202411,47190250,선산읍,패스트푸드,79195000,4265,3905,0
202411,47190250,선산읍,한식,3064130000,93532,83512,0
202411,47190253,고아읍,기타음식점,21522335000,839912,684477,0
202411,47190253,고아읍,양식,128417000,7879,6628,0
202411,47190253,고아읍,일식,163428000,3275,3115,0
202411,47190253,고아읍,제과점/아이스크림,248132000,19850,18591,0
202411,47190253,고아읍,중식,349757000,14794,13181,0
202411,47190253,고아읍,커피전문점,672053000,55337,48275,0
202411,47190253,고아읍,패스트푸드,77892000,6079,5653,0
202411,47190253,고아읍,한식,3758632000,108902,99695,0
202411,47190256,산동읍,기타음식점,16056416000,563422,447467,0
202411,47190256,산동읍,양식,190073000,11812,9740,0
202411,47190256,산동읍,일식,150819000,2685,2236,0
202411,47190256,산동읍,제과점/아이스크림,348242000,28388,24995,0
202411,47190256,산동읍,중식,195996000,7750,6329,0
202411,47190256,산동읍,커피전문점,448881000,54352,45025,0
202411,47190256,산동읍,패스트푸드,87376000,7704,6723,0
202411,47190256,산동읍,한식,4169483000,114700,94521,0
202411,47190310,무을면,기타음식점,564118000,8680,6130,0
202411,47190310,무을면,양식,550000,28,28,0
202411,47190310,무을면,중식,41482000,1131,927,0
202411,47190310,무을면,커피전문점,4103000,334,266,0
202411,47190310,무을면,한식,133015000,3864,2919,0
202411,47190320,옥성면,기타음식점,4873362000,91881,67483,0
202411,47190320,옥성면,한식,1863805000,231511,137657,0
202411,47190330,도개면,기타음식점,7178320000,147477,111017,0
202411,47190330,도개면,양식,2713000,420,347,0
202411,47190330,도개면,중식,54438000,1932,1806,0
202411,47190330,도개면,커피전문점,17690000,2440,2121,0
202411,47190330,도개면,한식,1996084000,211734,114137,0
202411,47190340,해평면,기타음식점,3144621000,52536,44506,0
202411,47190340,해평면,양식,1723000,77,77,0
202411,47190340,해평면,중식,43704000,1457,1331,0
202411,47190340,해평면,커피전문점,9172000,643,577,0
202411,47190340,해평면,한식,618529000,17868,15326,0
202411,47190360,장천면,기타음식점,5537917000,91117,69049,0
202411,47190360,장천면,양식,2724000,238,153,0
202411,47190360,장천면,제과점/아이스크림,1151000,141,95,0
202411,47190360,장천면,중식,85226000,3413,2787,0
202411,47190360,장천면,커피전문점,9306000,644,438,0
202411,47190360,장천면,패스트푸드,2134000,67,40,0
202411,47190360,장천면,한식,485670000,12179,8747,0
202411,47190510,송정동,기타음식점,11935694000,470322,365150,0
202411,47190510,송정동,양식,168120000,9200,7751,0
202411,47190510,송정동,일식,358845000,4236,3711,0
202411,47190510,송정동,제과점/아이스크림,176333000,13953,12538,0
202411,47190510,송정동,중식,240986000,7797,7130,0
202411,47190510,송정동,커피전문점,274208000,39073,32643,0
202411,47190510,송정동,패스트푸드,163299000,12859,11193,0
202411,47190510,송정동,한식,3167942000,73691,64673,0
202411,47190535,원평동,기타음식점,32267760000,936366,782171,0
202411,47190535,원평동,양식,138930000,11066,9034,0
202411,47190535,원평동,일식,165231000,3918,3455,0
202411,47190535,원평동,제과점/아이스크림,135519000,12467,10966,0
202411,47190535,원평동,중식,256432000,12665,10573,0
202411,47190535,원평동,커피전문점,391185000,52463,44438,0
202411,47190535,원평동,패스트푸드,85829000,8826,7534,0
202411,47190535,원평동,한식,3584573000,134094,114337,0
202411,47190551,도량동,기타음식점,16096716000,592424,532878,0
202411,47190551,도량동,양식,132399000,7875,7101,0
202411,47190551,도량동,일식,107384000,1577,1477,0
202411,47190551,도량동,제과점/아이스크림,248466000,18609,17079,0
202411,47190551,도량동,중식,107388000,5599,5036,0
202411,47190551,도량동,커피전문점,67987000,13777,12103,0
202411,47190551,도량동,패스트푸드,232634000,22516,20152,0
202411,47190551,도량동,한식,1482230000,33477,30935,0
202411,47190555,지산동,기타음식점,4766350000,105065,91652,0
202411,47190555,지산동,양식,2012000,165,159,0
202411,47190555,지산동,일식,3366000,70,70,0
202411,47190555,지산동,제과점/아이스크림,10987000,951,912,0
202411,47190555,지산동,중식,4872000,249,249,0
202411,47190555,지산동,커피전문점,31747000,2178,1843,0
202411,47190555,지산동,한식,304788000,6189,5622,0
202411,47190565,선주원남동,기타음식점,25351042000,1017138,836129,0
202411,47190565,선주원남동,양식,776152000,25299,21505,0
202411,47190565,선주원남동,일식,329159000,7281,6256,0
202411,47190565,선주원남동,제과점/아이스크림,421114000,31843,28150,0
202411,47190565,선주원남동,중식,320603000,13222,11206,0
202411,47190565,선주원남동,커피전문점,908447000,83314,69744,0
202411,47190565,선주원남동,패스트푸드,58936000,5033,4327,0
202411,47190565,선주원남동,한식,9183097000,252283,217878,0
202411,47190582,형곡1동,기타음식점,17785210000,435686,361237,0
202411,47190582,형곡1동,양식,51487000,3914,3431,0
202411,47190582,형곡1동,일식,123893000,2627,2332,0
202411,47190582,형곡1동,제과점/아이스크림,165218000,14600,13143,0
202411,47190582,형곡1동,중식,16806000,1331,949,0
202411,47190582,형곡1동,커피전문점,160251000,22123,19428,0
202411,47190582,형곡1동,패스트푸드,111601000,11753,10295,0
202411,47190582,형곡1동,한식,1068316000,38416,34658,0
202411,47190583,형곡2동,기타음식점,5445215000,283250,237961,0
202411,47190583,형곡2동,양식,74928000,3342,3043,0
202411,47190583,형곡2동,일식,77109000,1064,963,0
202411,47190583,형곡2동,제과점/아이스크림,147976000,9384,8327,0
202411,47190583,형곡2동,중식,89298000,3070,2883,0
202411,47190583,형곡2동,커피전문점,126152000,14825,13347,0
202411,47190583,형곡2동,패스트푸드,42655000,3911,3554,0
202411,47190583,형곡2동,한식,2036839000,49892,45868,0
202411,47190590,신평1동,기타음식점,6026138000,202335,168644,0
202411,47190590,신평1동,양식,22570000,2614,2110,0
202411,47190590,신평1동,일식,93748000,1311,1157,0
202411,47190590,신평1동,제과점/아이스크림,57205000,4410,4037,0
202411,47190590,신평1동,중식,47418000,2506,2141,0
202411,47190590,신평1동,커피전문점,132028000,16127,13667,0
202411,47190590,신평1동,패스트푸드,103384000,9110,7120,0
202411,47190590,신평1동,한식,1488115000,47249,41910,0
202411,47190600,신평2동,기타음식점,255191000,21374,15350,0
202411,47190600,신평2동,양식,2851000,83,83,0
202411,47190600,신평2동,일식,24524000,278,271,0
202411,47190600,신평2동,제과점/아이스크림,6000,7,7,0
202411,47190600,신평2동,커피전문점,6744000,464,424,0
202411,47190600,신평2동,한식,110305000,3445,3177,0
202411,47190610,비산동,기타음식점,6885794000,256363,215203,0
202411,47190610,비산동,양식,19922000,1920,1740,0
202411,47190610,비산동,일식,5262000,75,75,0
202411,47190610,비산동,제과점/아이스크림,55710000,4794,4356,0
202411,47190610,비산동,중식,27655000,1339,1248,0
202411,47190610,비산동,커피전문점,85980000,14222,12671,0
202411,47190610,비산동,패스트푸드,34743000,1901,1567,0
202411,47190610,비산동,한식,811757000,28408,25177,0
202411,47190630,광평동,기타음식점,9893159000,180322,153612,0
202411,47190630,광평동,양식,4361000,898,660,0
202411,47190630,광평동,중식,1189000,108,102,0
202411,47190630,광평동,커피전문점,22729000,4769,3785,0
202411,47190630,광평동,한식,92111000,3072,2958,0
202411,47190645,상모사곡동,기타음식점,11170634000,645824,479937,0
202411,47190645,상모사곡동,양식,96487000,7737,6836,0
202411,47190645,상모사곡동,일식,449297000,7368,6878,0
202411,47190645,상모사곡동,제과점/아이스크림,216714000,14751,13479,0
202411,47190645,상모사곡동,중식,278989000,9410,7965,0
202411,47190645,상모사곡동,커피전문점,361947000,48843,42437,0
202411,47190645,상모사곡동,패스트푸드,92101000,6769,5856,0
202411,47190645,상모사곡동,한식,3743005000,93711,84654,0
202411,47190660,임오동,기타음식점,12660707000,429470,368492,0
202411,47190660,임오동,양식,78421000,2762,2459,0
202411,47190660,임오동,일식,1068000,41,41,0
202411,47190660,임오동,제과점/아이스크림,74885000,5710,5312,0
202411,47190660,임오동,중식,73553000,3267,3023,0
202411,47190660,임오동,커피전문점,89564000,10796,8522,0
202411,47190660,임오동,패스트푸드,39346000,3171,2992,0
202411,47190660,임오동,한식,1085074000,33021,28536,0
202411,47190670,인동동,기타음식점,30591831000,1206153,1018693,0
202411,47190670,인동동,양식,268824000,12155,9873,0
202411,47190670,인동동,일식,113113000,1824,1560,0
202411,47190670,인동동,제과점/아이스크림,328627000,28186,24321,0
202411,47190670,인동동,중식,209363000,8285,6923,0
202411,47190670,인동동,커피전문점,435686000,70595,57980,0
202411,47190670,인동동,패스트푸드,278235000,26662,22250,0
202411,47190670,인동동,한식,4655538000,143440,124441,0
202411,47190680,진미동,기타음식점,16910614000,700873,539529,0
202411,47190680,진미동,양식,234136000,6310,5405,0
202411,47190680,진미동,일식,218768000,2643,2176,0
202411,47190680,진미동,제과점/아이스크림,184058000,13614,11951,0
202411,47190680,진미동,중식,286400000,10057,8843,0
202411,47190680,진미동,커피전문점,257555000,34311,28584,0
202411,47190680,진미동,패스트푸드,61473000,4033,3595,0
202411,47190680,진미동,한식,3762834000,107583,88685,0
202411,47190690,양포동,기타음식점,22038950000,1221637,892169,0
202411,47190690,양포동,양식,218622000,9453,7971,0
202411,47190690,양포동,일식,201021000,3350,3091,0
202411,47190690,양포동,제과점/아이스크림,353793000,34231,29687,0
202411,47190690,양포동,중식,224128000,10587,8965,0
202411,47190690,양포동,커피전문점,423374000,58955,50377,0
202411,47190690,양포동,패스트푸드,117190000,9112,7879,0
202411,47190690,양포동,한식,4829812000,159587,130889,0
202411,47190700,공단동,기타음식점,9098994000,245956,192396,0
202411,47190700,공단동,양식,18449000,1767,1495,0
202411,47190700,공단동,제과점/아이스크림,25619000,2153,1992,0
202411,47190700,공단동,중식,53475000,2167,1624,0
202411,47190700,공단동,커피전문점,73507000,12239,9955,0
202411,47190700,공단동,한식,665278000,28828,21683,0
202412,47190250,선산읍,기타음식점,19431255000,570572,510489,0
202412,47190250,선산읍,양식,50002000,4034,3485,0
202412,47190250,선산읍,일식,127776000,1508,1369,0
202412,47190250,선산읍,제과점/아이스크림,227892000,15225,14043,0
202412,47190250,선산읍,중식,174198000,7757,7180,0
202412,47190250,선산읍,커피전문점,198033000,22602,19805,0
202412,47190250,선산읍,패스트푸드,115040000,6528,6029,0
202412,47190250,선산읍,한식,3129186000,88442,80668,0
202412,47190253,고아읍,기타음식점,23896839000,831579,681142,0
202412,47190253,고아읍,양식,187181000,8852,7772,0
202412,47190253,고아읍,일식,166324000,3065,2912,0
202412,47190253,고아읍,제과점/아이스크림,246202000,18641,17572,0
202412,47190253,고아읍,중식,343145000,14210,12536,0
202412,47190253,고아읍,커피전문점,918070000,62620,53529,0
202412,47190253,고아읍,패스트푸드,91349000,6065,5551,0
202412,47190253,고아읍,한식,4414988000,112218,103657,0
202412,47190256,산동읍,기타음식점,17687828000,564372,459020,0
202412,47190256,산동읍,양식,223534000,12604,10308,0
202412,47190256,산동읍,일식,184254000,2709,2252,0
202412,47190256,산동읍,제과점/아이스크림,370608000,26642,23841,0
202412,47190256,산동읍,중식,182694000,6891,5855,0
202412,47190256,산동읍,커피전문점,444055000,49840,41441,0
202412,47190256,산동읍,패스트푸드,125649000,8794,7365,0
202412,47190256,산동읍,한식,4295619000,106102,88616,0
202412,47190310,무을면,기타음식점,865574000,8892,6541,0
202412,47190310,무을면,양식,597000,41,28,0
202412,47190310,무을면,중식,22951000,780,674,0
202412,47190310,무을면,커피전문점,2469000,254,149,0
202412,47190310,무을면,한식,112576000,2812,2114,0
202412,47190320,옥성면,기타음식점,5271573000,104000,78582,0
202412,47190320,옥성면,한식,1692867000,212804,129328,0
202412,47190330,도개면,기타음식점,7659787000,134280,101700,0
202412,47190330,도개면,양식,2688000,406,361,0
202412,47190330,도개면,중식,56756000,2020,1815,0
202412,47190330,도개면,커피전문점,20333000,2566,1941,0
202412,47190330,도개면,한식,1856163000,192985,106584,0
202412,47190340,해평면,기타음식점,4094404000,51661,42717,0
202412,47190340,해평면,양식,1532000,103,90,0
202412,47190340,해평면,중식,39015000,1234,1139,0
202412,47190340,해평면,커피전문점,17080000,990,925,0
202412,47190340,해평면,한식,734772000,19831,16367,0
202412,47190360,장천면,기타음식점,5387463000,83675,63274,0
202412,47190360,장천면,양식,1392000,75,69,0
202412,47190360,장천면,제과점/아이스크림,843000,103,83,0
202412,47190360,장천면,중식,76731000,3331,2471,0
202412,47190360,장천면,커피전문점,10975000,798,617,0
202412,47190360,장천면,한식,483332000,11560,8657,0
202412,47190510,송정동,기타음식점,11908834000,458359,360415,0
202412,47190510,송정동,양식,198770000,10031,8421,0
202412,47190510,송정동,일식,427651000,4153,3694,0
202412,47190510,송정동,제과점/아이스크림,188686000,14802,12836,0
202412,47190510,송정동,중식,261506000,7870,7028,0
202412,47190510,송정동,커피전문점,291127000,36903,31713,0
202412,47190510,송정동,패스트푸드,159416000,12037,10332,0
202412,47190510,송정동,한식,3684540000,78111,69242,0
202412,47190535,원평동,기타음식점,34733134000,959768,807469,0
202412,47190535,원평동,양식,166897000,11415,9740,0
202412,47190535,원평동,일식,240321000,4357,3682,0
202412,47190535,원평동,제과점/아이스크림,154286000,13101,11426,0
202412,47190535,원평동,중식,238319000,12168,10180,0
202412,47190535,원평동,커피전문점,413370000,51337,43970,0
202412,47190535,원평동,패스트푸드,79802000,8106,6793,0
202412,47190535,원평동,한식,3663296000,128777,111011,0
202412,47190551,도량동,기타음식점,16629918000,592682,532010,0
202412,47190551,도량동,양식,156275000,8073,7249,0
202412,47190551,도량동,일식,167278000,1846,1712,0
202412,47190551,도량동,제과점/아이스크림,229191000,16708,15466,0
202412,47190551,도량동,중식,119559000,5353,4697,0
202412,47190551,도량동,커피전문점,70889000,12152,10662,0
202412,47190551,도량동,패스트푸드,244083000,23044,20284,0
202412,47190551,도량동,한식,1756162000,35383,32171,0
202412,47190555,지산동,기타음식점,5386627000,101598,89635,0
202412,47190555,지산동,양식,4888000,242,183,0
202412,47190555,지산동,일식,3369000,67,67,0
202412,47190555,지산동,중식,2554000,134,134,0
202412,47190555,지산동,커피전문점,37957000,2073,1468,0
202412,47190555,지산동,한식,326455000,6071,5377,0
202412,47190565,선주원남동,기타음식점,26256605000,988654,820957,0
202412,47190565,선주원남동,양식,1052708000,28169,24032,0
202412,47190565,선주원남동,일식,355292000,7178,6258,0
202412,47190565,선주원남동,제과점/아이스크림,424954000,29430,26194,0
202412,47190565,선주원남동,중식,322320000,12841,11197,0
202412,47190565,선주원남동,커피전문점,1003392000,85380,71471,0
202412,47190565,선주원남동,패스트푸드,68201000,4961,4270,0
202412,47190565,선주원남동,한식,9471150000,237184,207596,0
202412,47190582,형곡1동,기타음식점,18107429000,444317,367742,0
202412,47190582,형곡1동,양식,67630000,4803,3983,0
202412,47190582,형곡1동,일식,128392000,2410,2253,0
202412,47190582,형곡1동,제과점/아이스크림,194264000,15518,14004,0
202412,47190582,형곡1동,중식,24954000,1226,911,0
202412,47190582,형곡1동,커피전문점,169744000,22011,19455,0
202412,47190582,형곡1동,패스트푸드,123806000,12323,10862,0
202412,47190582,형곡1동,한식,1146086000,34819,31892,0
202412,47190583,형곡2동,기타음식점,5367217000,275436,232276,0
202412,47190583,형곡2동,양식,107361000,3563,3095,0
202412,47190583,형곡2동,일식,130014000,1327,1161,0
202412,47190583,형곡2동,제과점/아이스크림,177328000,9826,8798,0
202412,47190583,형곡2동,중식,124818000,2994,2752,0
202412,47190583,형곡2동,커피전문점,147974000,15034,13288,0
202412,47190583,형곡2동,패스트푸드,37714000,3124,2959,0
202412,47190583,형곡2동,한식,2274484000,52487,47725,0
202412,47190590,신평1동,기타음식점,5798962000,194610,163423,0
202412,47190590,신평1동,양식,30784000,2734,2339,0
202412,47190590,신평1동,일식,103339000,1183,1103,0
202412,47190590,신평1동,제과점/아이스크림,67512000,4390,4065,0
202412,47190590,신평1동,중식,51062000,2578,2169,0
202412,47190590,신평1동,커피전문점,139204000,16822,14223,0
202412,47190590,신평1동,패스트푸드,105067000,9275,7861,0
202412,47190590,신평1동,한식,1573041000,45147,40300,0
202412,47190600,신평2동,기타음식점,244878000,19919,14523,0
202412,47190600,신평2동,양식,5856000,183,169,0
202412,47190600,신평2동,일식,38682000,277,231,0
202412,47190600,신평2동,커피전문점,4744000,419,385,0
202412,47190600,신평2동,한식,136470000,3721,3203,0
202412,47190610,비산동,기타음식점,6115180000,242106,208184,0
202412,47190610,비산동,양식,18572000,1929,1781,0
202412,47190610,비산동,일식,8004000,97,97,0
202412,47190610,비산동,제과점/아이스크림,65365000,4727,4388,0
202412,47190610,비산동,중식,35205000,1539,1321,0
202412,47190610,비산동,커피전문점,84614000,13186,11763,0
202412,47190610,비산동,패스트푸드,29163000,1534,1408,0
202412,47190610,비산동,한식,767103000,26220,23634,0
202412,47190630,광평동,기타음식점,9480578000,177309,152093,0
202412,47190630,광평동,양식,3696000,626,475,0
202412,47190630,광평동,중식,209000,21,21,0
202412,47190630,광평동,커피전문점,19457000,3602,2914,0
202412,47190630,광평동,한식,132893000,3070,2732,0
202412,47190645,상모사곡동,기타음식점,11245595000,616132,465851,0
202412,47190645,상모사곡동,양식,135949000,9000,7550,0
202412,47190645,상모사곡동,일식,534209000,8064,7354,0
202412,47190645,상모사곡동,제과점/아이스크림,212237000,14298,13249,0
202412,47190645,상모사곡동,중식,240857000,8069,7033,0
202412,47190645,상모사곡동,커피전문점,439224000,51264,44402,0
202412,47190645,상모사곡동,패스트푸드,116074000,7602,6376,0
202412,47190645,상모사곡동,한식,4039102000,95499,85334,0
202412,47190660,임오동,기타음식점,12337418000,405137,351437,0
202412,47190660,임오동,양식,91051000,3386,3020,0
202412,47190660,임오동,일식,618000,21,21,0
202412,47190660,임오동,제과점/아이스크림,75843000,5604,5199,0
202412,47190660,임오동,중식,87394000,3528,3099,0
202412,47190660,임오동,커피전문점,109797000,11802,9114,0
202412,47190660,임오동,패스트푸드,48960000,3709,3417,0
202412,47190660,임오동,한식,1175039000,33088,28776,0
202412,47190670,인동동,기타음식점,31571442000,1218556,1028656,0
202412,47190670,인동동,양식,307032000,12546,10725,0
202412,47190670,인동동,일식,116962000,1755,1576,0
202412,47190670,인동동,제과점/아이스크림,361202000,27825,24943,0
202412,47190670,인동동,중식,258614000,8215,7028,0
202412,47190670,인동동,커피전문점,452383000,67466,57009,0
202412,47190670,인동동,패스트푸드,283884000,25716,21897,0
202412,47190670,인동동,한식,4953195000,139594,121818,0
202412,47190680,진미동,기타음식점,17732519000,680733,530226,0
202412,47190680,진미동,양식,389884000,7587,5936,0
202412,47190680,진미동,일식,291839000,3459,2947,0
202412,47190680,진미동,제과점/아이스크림,228405000,14677,13102,0
202412,47190680,진미동,중식,313546000,10225,9076,0
202412,47190680,진미동,커피전문점,309013000,34842,28652,0
202412,47190680,진미동,패스트푸드,65059000,3873,3506,0
202412,47190680,진미동,한식,3994767000,105145,88703,0
202412,47190690,양포동,기타음식점,21073599000,1150962,849230,0
202412,47190690,양포동,양식,275457000,10589,9047,0
202412,47190690,양포동,일식,232532000,3428,3032,0
202412,47190690,양포동,제과점/아이스크림,358791000,33597,28601,0
202412,47190690,양포동,중식,208702000,9950,8434,0
202412,47190690,양포동,커피전문점,466169000,57261,49612,0
202412,47190690,양포동,패스트푸드,165304000,10887,9439,0
202412,47190690,양포동,한식,4932298000,147163,124611,0
202412,47190700,공단동,기타음식점,18500209000,367311,308636,0
202412,47190700,공단동,양식,21713000,1632,1439,0
202412,47190700,공단동,제과점/아이스크림,27034000,2301,1913,0
202412,47190700,공단동,중식,63733000,2146,1603,0
202412,47190700,공단동,커피전문점,67560000,10962,9066,0
202412,47190700,공단동,한식,671401000,28311,22069,0
