dong_code_x,dong,category,total_amount,avg_monthly_amount,total_count,total_customer,avg_living_pop,avg_work_pop,avg_inflow_pop,avg_total_demand_pop,external_ratio,year_month,dong_code_y,store_count,amount_growth_24_vs_23,group,store_count_adj,sales_shortage,pop_shortage,amount_score,pop_score,growth_score,external_score,sales_shortage_score,location_score,grade,reason
47190250,선산읍,양식,607320000,50610000.0,51728,45910,8384.367094450834,418.96562539367545,13.85730700115439,2938.685675158138,0.6081793635042255,202301,47190250,7,0,음식점,7,86760000.0,419.81223930830544,0.006292063595668728,0.17605630188440066,0,0.12137636729614998,0.025240942966827388,0.0716,낮음,특징 약함
47190250,선산읍,일식,1448645000,120720416.66666667,21301,20402,8384.367094450834,418.96562539367545,13.85730700115439,2938.685675158138,0.5884274967880146,202301,47190250,4,0,음식점,4,362161250.0,734.6714187895345,0.015058726350642294,0.17605630188440066,0,0.07708452743266535,0.10871000847087958,0.0836,낮음,특징 약함
47190250,선산읍,제과점/아이스크림,2489704000,207475333.33333334,195280,179028,8384.367094450834,418.96562539367545,13.85730700115439,2938.685675158138,0.5899657671888201,202301,47190250,5,0,카페,5,497940800.0,587.7371350316276,0.025906630740776933,0.17605630188440066,0,0.08053396475614095,0.14986229864044393,0.095,낮음,특징 약함
47190250,선산읍,중식,1503301000,125275083.33333333,69976,65684,8384.367094450834,418.96562539367545,13.85730700115439,2938.685675158138,0.5867625904301027,202301,47190250,4,0,음식점,4,375825250.0,734.6714187895345,0.015628245525201277,0.17605630188440066,0,0.07335112001088422,0.11285131614848587,0.0841,낮음,특징 약함
47190250,선산읍,커피전문점,2173594000,181132833.33333334,265159,228116,8384.367094450834,418.96562539367545,13.85730700115439,2938.685675158138,0.6299291491149712,202301,47190250,7,0,카페,7,310513428.5714286,419.81223930830544,0.022612743404165404,0.17605630188440066,0,0.1701483661749007,0.09305650148802087,0.094,낮음,특징 약함
47190250,선산읍,패스트푸드,1057221000,88101750.0,65939,60264,8384.367094450834,418.96562539367545,13.85730700115439,2938.685675158138,0.586283071327874,202301,47190250,3,0,음식점,3,352407000.0,979.5618917193793,0.01098006209818008,0.17605630188440066,0,0.07227584021112927,0.10575367427779621,0.0808,낮음,특징 약함
47190250,선산읍,한식,33575972000,2797997666.6666665,1101420,1002966,8384.367094450834,418.96562539367545,13.85730700115439,2938.685675158138,0.6263781487899727,202301,47190250,24,0,음식점,24,1398998833.3333333,122.44523646492242,0.34982762187586336,0.17605630188440066,0,0.16218555739283588,0.4229564549206076,0.2899,낮음,특징 약함
47190253,고아읍,양식,1645022000,137085166.66666666,95204,81885,16707.4189539794,805.5256774975647,23.998507071676062,5854.796186014292,0.6332403128111184,202301,47190253,18,0,음식점,18,91390111.1111111,325.2664547785718,0.01710498782133845,0.3760250749768275,0,0.17757336221697947,0.02664424468613466,0.1423,낮음,특징 약함
47190253,고아읍,일식,2990304000,249192000.0,49134,46336,16707.4189539794,805.5256774975647,23.998507071676062,5854.796186014292,0.6158077892007623,202301,47190253,4,0,음식점,4,747576000.0,1463.699046503573,0.031122916213263508,0.3760250749768275,0,0.13848244715260188,0.22552214717387348,0.1745,낮음,특징 약함
47190253,고아읍,제과점/아이스크림,3008179000,250681583.33333334,256799,241611,16707.4189539794,805.5256774975647,23.998507071676062,5854.796186014292,0.5540517897407364,202301,47190253,8,0,카페,8,376022375.0,731.8495232517865,0.031309174908470655,0.3760250749768275,0,0.0,0.11291106111891533,0.1438,낮음,특징 약함
47190253,고아읍,중식,3978759000,331563250.0,165191,151059,16707.4189539794,805.5256774975647,23.998507071676062,5854.796186014292,0.5956331221578152,202301,47190253,12,0,음식점,12,331563250.0,487.8996821678577,0.0414226834060456,0.3760250749768275,0,0.09324251440072906,0.09943631611729371,0.1557,낮음,특징 약함
47190253,고아읍,커피전문점,6130392000,510866000.0,571441,504384,16707.4189539794,805.5256774975647,23.998507071676062,5854.796186014292,0.6054542195499292,202301,47190253,17,0,카페,17,360611294.11764705,344.39977564789956,0.06384284313441696,0.3760250749768275,0,0.11526546945733587,0.10824024528326692,0.1693,낮음,특징 약함
47190253,고아읍,패스트푸드,1050966000,87580500.0,86006,77401,16707.4189539794,805.5256774975647,23.998507071676062,5854.796186014292,0.575015993842733,202301,47190253,2,0,음식점,2,525483000.0,2927.398093007146,0.010914884579941159,0.3760250749768275,0,0.04701040080373579,0.1582098340852747,0.1462,낮음,특징 약함
47190253,고아읍,한식,45410276000,3784189666.6666665,1316007,1221200,16707.4189539794,805.5256774975647,23.998507071676062,5854.796186014292,0.5863902898980852,202301,47190253,45,0,음식점,45,1009117244.4444444,130.10658191142872,0.47314186085346976,0.3760250749768275,0,0.07251626851142179,0.3047904993129602,0.3787,검토 가능,특징 약함
47190256,산동읍,양식,2719376000,226614666.66666666,151045,121275,13259.428515835449,2017.5931412948385,25.826092456710146,4648.547808279421,0.6627072733722693,202301,47190256,16,0,음식점,16,169961000.0,290.5342380174638,0.028299828337734458,0.29330804239442587,0,0.2436504534200579,0.05045763940158448,0.1327,낮음,특징 약함
47190256,산동읍,일식,627190000,52265833.333333336,23006,19235,13259.428515835449,2017.5931412948385,25.826092456710146,4648.547808279421,0.681247303122306,202301,47190256,1,0,음식점,1,627190000.0,4648.547808279421,0.006499110324271022,0.29330804239442587,0,0.28522485449066187,0.18903535955119266,0.1478,낮음,특징 약함
47190256,산동읍,제과점/아이스크림,2359397000,196616416.66666666,183612,163459,13259.428515835449,2017.5931412948385,25.826092456710146,4648.547808279421,0.5947905377415853,202301,47190256,3,0,카페,3,786465666.6666666,1549.5159360931402,0.02454882308783385,0.29330804239442587,0,0.09135309227312369,0.23730889154932838,0.1438,낮음,특징 약함
47190256,산동읍,중식,2277301000,189775083.33333334,99529,81956,13259.428515835449,2017.5931412948385,25.826092456710146,4648.547808279421,0.711107452414386,202301,47190256,7,0,음식점,7,325328714.28571427,664.0782583256315,0.023693377278506525,0.29330804239442587,0,0.35218363715899026,0.09754674274054591,0.1485,낮음,특징 약함
47190256,산동읍,커피전문점,4231198000,352599833.3333333,550539,456728,13259.428515835449,2017.5931412948385,25.826092456710146,4648.547808279421,0.6656167876958895,202301,47190256,11,0,카페,11,384654363.6363636,422.59525529812913,0.04405311466531256,0.29330804239442587,0,0.25017478574539376,0.11552725848519042,0.1502,낮음,특징 약함
47190256,산동읍,패스트푸드,1105937000,92161416.66666667,103730,88535,13259.428515835449,2017.5931412948385,25.826092456710146,4648.547808279421,0.6476632334896191,202301,47190256,3,0,음식점,3,368645666.6666667,1549.5159360931402,0.011487686075562532,0.29330804239442587,0,0.2099155049741296,0.11067531617919815,0.1308,낮음,특징 약함
47190256,산동읍,한식,45343865000,3778655416.6666665,1317931,1076813,13259.428515835449,2017.5931412948385,25.826092456710146,4648.547808279421,0.6890030866584297,202301,47190256,40,0,음식점,40,1133596625.0,116.21369520698552,0.4724498537929158,0.29330804239442587,0,0.3026165232039743,0.3425179154720935,0.3822,검토 가능,특징 약함
47190310,무을면,중식,344980000,28748333.333333332,14257,12896,1134.6327433533195,35.319217916407105,5.520034306757167,398.777470465689,0.6290364318700091,202301,47190310,2,0,음식점,2,172490000.0,199.3887352328445,0.003558463254374026,0.0018851497387913651,0,0.16814652554761556,0.051224132896656664,0.0267,낮음,특징 약함
47190310,무을면,한식,1126862000,93905166.66666667,28258,25285,1134.6327433533195,35.319217916407105,5.520034306757167,398.777470465689,0.6712481133521075,202301,47190310,5,0,음식점,5,225372400.0,79.7554940931378,0.011705725974707122,0.0018851497387913651,0,0.2628025427958013,0.06725181799108339,0.0422,낮음,특징 약함
47190320,옥성면,양식,3785000,344090.9090909091,289,283,1139.184201489721,72.7473479453942,9.830992538880096,401.6637682830664,0.5993759535346119,202301,47190320,1,0,음식점,1,3785000.0,401.6637682830664,3.1885404606090525e-06,0.0020830741422635966,0,0.10163548759961412,9.274298516887622e-05,0.0108,낮음,특징 약함
47190320,옥성면,커피전문점,35871000,2989250.0,2509,1960,1139.184201489721,72.7473479453942,9.830992538880096,401.6637682830664,0.7106341735153627,202301,47190320,1,0,카페,1,35871000.0,401.6637682830664,0.0003375268058825112,0.0020830741422635966,0,0.35112235047113,0.009817420835262217,0.0374,낮음,특징 약함
47190320,옥성면,한식,22190002000,1849166833.3333333,2781691,1643516,1139.184201489721,72.7473479453942,9.830992538880096,401.6637682830664,0.9683562753020526,202301,47190320,8,0,음식점,8,2773750250.0,50.2079710353833,0.2311850531559913,0.0020830741422635966,0,0.9290417049110916,0.8396183838317457,0.3235,낮음,공급 대비 소비 부족 + 외부 유입 소비 높음
47190330,도개면,양식,31242000,2603500.0,4160,3648,1448.8634506766023,80.64856809837467,6.426759314087192,509.030235531037,0.7290027364878147,202301,47190330,2,0,음식점,2,15621000.0,254.5151177655185,0.0002892923163656507,0.00944560057839014,0,0.3923122522352225,0.003680017404968938,0.0427,낮음,특징 약함
47190330,도개면,중식,695398000,57949833.333333336,25356,22651,1448.8634506766023,80.64856809837467,6.426759314087192,509.030235531037,0.7139688172643534,202301,47190330,2,0,음식점,2,347699000.0,254.5151177655185,0.007209842244980899,0.00944560057839014,0,0.3585999984855753,0.10432676586545939,0.0576,낮음,특징 약함
47190330,도개면,커피전문점,271741000,22645083.333333332,41197,33307,1448.8634506766023,80.64856809837467,6.426759314087192,509.030235531037,0.7181484234105021,202301,47190330,2,0,카페,2,135870500.0,254.5151177655185,0.0027953079772676656,0.00944560057839014,0,0.3679724010426319,0.04012543438230482,0.0469,낮음,특징 약함
47190330,도개면,한식,14496952000,1208079333.3333333,1388330,760512,1448.8634506766023,80.64856809837467,6.426759314087192,509.030235531037,0.9073791232338224,202301,47190330,11,0,음식점,11,1317904727.2727273,46.275475957367,0.15102295776223812,0.00944560057839014,0,0.7923057551630714,0.39837831937922835,0.2098,낮음,외부 유입 소비 높음
47190340,해평면,양식,11507000,958916.6666666666,792,642,2595.2756093946905,121.7154950093274,9.268188222557757,911.126919754909,0.6705842532217257,202301,47190340,1,0,음식점,1,11507000.0,911.126919754909,8.365229679009632e-05,0.037018897375421904,0,0.26131389430454277,0.0024331394932540465,0.0376,낮음,특징 약함
47190340,해평면,중식,462092000,38507666.666666664,15192,13449,2595.2756093946905,121.7154950093274,9.268188222557757,911.126919754909,0.6384221489325357,202301,47190340,3,0,음식점,3,154030666.66666666,303.70897325163634,0.004778778125036926,0.037018897375421904,0,0.18919317815570635,0.045629447675870134,0.039,낮음,특징 약함
47190340,해평면,커피전문점,107773000,8981083.333333334,7007,5931,2595.2756093946905,121.7154950093274,9.268188222557757,911.126919754909,0.6437243949127411,202301,47190340,1,0,카페,1,107773000.0,911.126919754909,0.0010867504535907206,0.037018897375421904,0,0.2010830027098241,0.0316095976967411,0.0364,낮음,특징 약함
47190340,해평면,한식,6522381000,543531750.0,186668,159239,2595.2756093946905,121.7154950093274,9.268188222557757,911.126919754909,0.6687199813417265,202301,47190340,18,0,음식점,18,362354500.0,50.61816220860605,0.06792739472465775,0.037018897375421904,0,0.25713342707289877,0.10876857899991188,0.0837,낮음,특징 약함
47190360,장천면,양식,26004000,2167000.0,1155,979,2187.7503711291542,223.3952366960102,9.494789701751788,768.5610668057296,0.6403664568848454,202301,47190360,2,0,음식점,2,13002000.0,384.2805334028648,0.00023471200612816637,0.02724261537479473,0,0.19355311930488,0.002886246561317674,0.0281,낮음,특징 약함
47190360,장천면,제과점/아이스크림,15017000,1251416.6666666667,1933,1735,2187.7503711291542,223.3952366960102,9.494789701751788,768.5610668057296,0.6544405688587404,202301,47190360,1,0,카페,1,15017000.0,768.5610668057296,0.0001202267314853178,0.02724261537479473,0,0.22511308893837761,0.003496956087838215,0.0313,낮음,특징 약함
47190360,장천면,중식,978186000,81515500.0,42839,33138,2187.7503711291542,223.3952366960102,9.494789701751788,768.5610668057296,0.7379297447268373,202301,47190360,1,0,음식점,1,978186000.0,768.5610668057296,0.010156512113525711,0.02724261537479473,0,0.4123302902801171,0.295415806683006,0.0983,낮음,특징 약함
47190360,장천면,커피전문점,111644000,9303666.666666666,7640,5709,2187.7503711291542,223.3952366960102,9.494789701751788,768.5610668057296,0.7000775270518496,202301,47190360,1,0,카페,1,111644000.0,768.5610668057296,0.0011270865324241115,0.02724261537479473,0,0.3274499907202616,0.032782826767292474,0.0463,낮음,특징 약함
47190360,장천면,패스트푸드,49317000,4109750.0,2171,1952,2187.7503711291542,223.3952366960102,9.494789701751788,768.5610668057296,0.6560302174779327,202301,47190360,1,0,음식점,1,49317000.0,768.5610668057296,0.00047763502494574427,0.02724261537479473,0,0.22867773743930583,0.013892656712976955,0.0333,낮음,특징 약함
47190360,장천면,한식,5866130000,488844166.6666667,142101,107214,2187.7503711291542,223.3952366960102,9.494789701751788,768.5610668057296,0.7627925898019591,202301,47190360,10,0,음식점,10,586613000.0,76.85610668057296,0.06108921542460824,0.02724261537479473,0,0.4680830537247044,0.17673721540348844,0.109,낮음,특징 약함
47190510,송정동,양식,1819075000,151589583.33333334,95676,82305,15973.64199702973,1867.941650401577,24.32283136733083,5598.071548370604,0.6486075192721161,202301,47190510,9,0,음식점,9,202119444.44444445,622.007949818956,0.01891863171934625,0.35842049153560057,0,0.21203298355297193,0.06020427383349703,0.1463,낮음,특징 약함
47190510,송정동,일식,3583438000,298619833.3333333,46257,41540,15973.64199702973,1867.941650401577,24.32283136733083,5598.071548370604,0.6712018437661819,202301,47190510,7,0,음식점,7,511919714.28571427,799.7245069100863,0.037303412153011514,0.35842049153560057,0,0.26269878728145857,0.15409905105964977,0.1737,낮음,특징 약함
47190510,송정동,제과점/아이스크림,2434921000,202910083.33333334,196858,174853,15973.64199702973,1867.941650401577,24.32283136733083,5598.071548370604,0.614298810679383,202301,47190510,5,0,카페,5,486984200.0,1119.614309674121,0.02533578821772613,0.35842049153560057,0,0.13509869431614124,0.14654155422442655,0.1544,낮음,특징 약함
47190510,송정동,중식,3137012000,261417666.66666666,106732,94585,15973.64199702973,1867.941650401577,24.32283136733083,5598.071548370604,0.659429568599718,202301,47190510,6,0,음식점,6,522835333.3333333,933.0119247284341,0.03265162338285512,0.35842049153560057,0,0.23630048609841373,0.1574073749009649,0.1695,낮음,특징 약함
47190510,송정동,커피전문점,2949518000,245793166.66666666,408507,348906,15973.64199702973,1867.941650401577,24.32283136733083,5598.071548370604,0.6407243426629002,202301,47190510,6,0,카페,6,491586333.3333333,933.0119247284341,0.030697923366118405,0.35842049153560057,0,0.19435564697473381,0.14793637639265703,0.163,낮음,특징 약함
47190510,송정동,패스트푸드,2498355000,208196250.0,194775,170149,15973.64199702973,1867.941650401577,24.32283136733083,5598.071548370604,0.6471531213909371,202301,47190510,7,0,음식점,7,356907857.14285713,799.7245069100863,0.02599677473922376,0.35842049153560057,0,0.20877162304581007,0.10711780149102246,0.1562,낮음,특징 약함
47190510,송정동,한식,39635039000,3302919916.6666665,954536,846551,15973.64199702973,1867.941650401577,24.32283136733083,5598.071548370604,0.6584698896279616,202301,47190510,12,0,음식점,12,3302919916.6666665,466.50596236421705,0.4129635051537755,0.35842049153560057,0,0.2341484896340743,1.0,0.4668,검토 가능,공급 대비 소비 부족
47190535,원평동,양식,4277172000,356431000.0,194699,165802,11101.505809401811,1927.9489770082628,24.743394344819183,3892.95005159408,0.7093425664032512,202301,47190535,16,0,음식점,16,267323250.0,243.30937822463,0.044532166819351904,0.24149383446463216,0,0.34822603407743796,0.07996635086484728,0.1393,낮음,특징 약함
47190535,원평동,일식,3199352000,266612666.66666666,95407,81752,11101.505809401811,1927.9489770082628,24.743394344819183,3892.95005159408,0.730245039963639,202301,47190535,5,0,음식점,5,639870400.0,778.590010318816,0.033301210351202724,0.24149383446463216,0,0.3950980095210339,0.19287855611699467,0.1559,낮음,특징 약함
47190535,원평동,제과점/아이스크림,1585062000,132088500.0,132978,118000,11101.505809401811,1927.9489770082628,24.743394344819183,3892.95005159408,0.6719001557553089,202301,47190535,5,0,카페,5,317012400.0,778.590010318816,0.01648020061212891,0.24149383446463216,0,0.26426469106369616,0.09502622047760567,0.1205,낮음,특징 약함
47190535,원평동,중식,2876072000,239672666.66666666,156297,133161,11101.505809401811,1927.9489770082628,24.743394344819183,3892.95005159408,0.6992046777975275,202301,47190535,7,0,음식점,7,410867428.5714286,556.1357216562972,0.029932611135171046,0.24149383446463216,0,0.3254927023306196,0.12347195748029997,0.137,낮음,특징 약함
47190535,원평동,커피전문점,6620622000,551718500.0,736006,622553,11101.505809401811,1927.9489770082628,24.743394344819183,3892.95005159408,0.687654210561222,202301,47190535,14,0,카페,14,472901571.4285714,278.0678608281486,0.06895107251351623,0.24149383446463216,0,0.29959178610182635,0.1422733679082867,0.1548,낮음,특징 약함
47190535,원평동,패스트푸드,942279000,78523250.0,103262,87979,11101.505809401811,1927.9489770082628,24.743394344819183,3892.95005159408,0.708466561557116,202301,47190535,1,0,음식점,1,942279000.0,3892.95005159408,0.009782358772613655,0.24149383446463216,0,0.34626166954814436,0.2845330538449052,0.1542,낮음,특징 약함
47190535,원평동,한식,62218111000,5184842583.333333,2252265,1926484,11101.505809401811,1927.9489770082628,24.743394344819183,3892.95005159408,0.6987933098185534,202301,47190535,21,0,음식점,21,2962767190.4761906,185.3785738854324,0.6482806254049108,0.24149383446463216,0,0.32457024548583274,0.8969059501953068,0.5312,검토 가능,소비 규모 높음 + 공급 대비 소비 부족
47190551,도량동,양식,1815107000,151258916.66666666,104159,94160,22153.229162813044,905.5644230013382,22.0096099347617,7760.233089964993,0.6309328490187328,202301,47190551,15,0,음식점,15,121007133.33333333,517.3488726643329,0.018877284894026982,0.506688120313949,0,0.17239907574312177,0.03562062067535634,0.1831,낮음,특징 약함
47190551,도량동,일식,303848000,25320666.666666668,8310,7527,22153.229162813044,905.5644230013382,22.0096099347617,7760.233089964993,0.6078165633920559,202301,47190551,2,0,음식점,2,151924000.0,3880.1165449824966,0.003129865064093727,0.506688120313949,0,0.12056281966029629,0.044990955664685715,0.1722,낮음,특징 약함
47190551,도량동,제과점/아이스크림,1583269000,131939083.33333333,146635,136756,22153.229162813044,905.5644230013382,22.0096099347617,7760.233089964993,0.5654554002793187,202301,47190551,6,0,카페,6,263878166.66666666,1293.3721816608322,0.01646151743224044,0.506688120313949,0,0.025571602881761794,0.07892220932076599,0.1738,낮음,특징 약함
47190551,도량동,중식,989484000,82457000.0,46714,43055,22153.229162813044,905.5644230013382,22.0096099347617,7760.233089964993,0.5843212892162664,202301,47190551,5,0,음식점,5,197896800.0,1552.0466179929986,0.010274238028963493,0.506688120313949,0,0.06787671478249002,0.05892446778420112,0.1723,낮음,특징 약함
47190551,도량동,커피전문점,1127416000,93951333.33333333,189859,171341,22153.229162813044,905.5644230013382,22.0096099347617,7760.233089964993,0.5916770818833718,202301,47190551,11,0,카페,11,102492363.63636364,705.475735451363,0.011711498691750186,0.506688120313949,0,0.08437143882864982,0.0300091337099602,0.1702,낮음,특징 약함
47190551,도량동,패스트푸드,3175063000,264588583.33333334,323849,282203,22153.229162813044,905.5644230013382,22.0096099347617,7760.233089964993,0.62913914336974,202301,47190551,8,0,음식점,8,396882875.0,970.0291362456242,0.033048117347125164,0.506688120313949,0,0.16837684713511814,0.11923349589707004,0.2016,낮음,특징 약함
47190551,도량동,한식,21671421000,1805951750.0,505461,465488,22153.229162813044,905.5644230013382,22.0096099347617,7760.233089964993,0.6335190197554793,202301,47190551,26,0,음식점,26,833516192.3076923,298.47050346019205,0.22578140446120992,0.506688120313949,0,0.1781983382521987,0.25156904253532014,0.3092,낮음,특징 약함
47190555,지산동,양식,56495000,4707916.666666667,4523,3671,2755.6723091256504,247.99244041565063,13.856781395012982,968.6423426124816,0.7171555778931492,202301,47190555,1,0,음식점,1,56495000.0,968.6423426124816,0.0005524302649008155,0.04096294836385451,0,0.36574603149004264,0.016068176802984124,0.0515,낮음,특징 약함
47190555,지산동,일식,46315000,3859583.3333333335,1162,828,2755.6723091256504,247.99244041565063,13.856781395012982,968.6423426124816,0.7306896600047952,202301,47190555,1,0,음식점,1,46315000.0,968.6423426124816,0.0004463539842178084,0.04096294836385451,0,0.3960950312175617,0.012982805597039156,0.054,낮음,특징 약함
47190555,지산동,제과점/아이스크림,443750000,36979166.666666664,35686,30361,2755.6723091256504,247.99244041565063,13.856781395012982,968.6423426124816,0.6748840328683469,202301,47190555,1,0,카페,1,443750000.0,968.6423426124816,0.004587653258603948,0.04096294836385451,0,0.27095577546406446,0.13343806151400753,0.0615,낮음,특징 약함
47190555,지산동,중식,126687000,10557250.0,5552,5110,2755.6723091256504,247.99244041565063,13.856781395012982,968.6423426124816,0.6250684115568311,202301,47190555,1,0,음식점,1,126687000.0,968.6423426124816,0.0012838355982703273,0.04096294836385451,0,0.159248585782657,0.03734208404146046,0.0344,낮음,특징 약함
47190555,지산동,커피전문점,493339000,41111583.333333336,38208,32528,2755.6723091256504,247.99244041565063,13.856781395012982,968.6423426124816,0.6779752648228824,202301,47190555,1,0,카페,1,493339000.0,968.6423426124816,0.005104373954359315,0.04096294836385451,0,0.2778875937412101,0.1484675774994304,0.0646,낮음,특징 약함
47190555,지산동,한식,3257698000,271474833.3333333,64610,59101,2755.6723091256504,247.99244041565063,13.856781395012982,968.6423426124816,0.6240932017617723,202301,47190555,10,0,음식점,10,325769800.0,96.86423426124816,0.033909179572492586,0.04096294836385451,0,0.15706176280047288,0.09768042772701062,0.0579,낮음,특징 약함
47190565,선주원남동,양식,6332053000,527671083.3333333,243723,204941,35957.81516518449,2165.2975476968372,26.75088420022828,12593.260573074638,0.6817925134347775,202301,47190565,28,0,음식점,28,226144750.0,449.7593061812371,0.06594416423842639,0.8381071706282218,0,0.28644744110482184,0.06748590310413954,0.3199,낮음,수요인구 높음
47190565,선주원남동,일식,1703907000,141992250.0,38793,35361,35957.81516518449,2165.2975476968372,26.75088420022828,12593.260573074638,0.6383354286212404,202301,47190565,8,0,음식점,8,212988375.0,1574.1575716343298,0.0177185734586684,0.8381071706282218,0,0.18899871541474167,0.06349844724956054,0.2878,낮음,수요인구 높음
47190565,선주원남동,제과점/아이스크림,4865010000,405417500.0,383641,345203,35957.81516518449,2165.2975476968372,26.75088420022828,12593.260573074638,0.6140085784275024,202301,47190565,10,0,카페,10,486501000.0,1259.3260573074638,0.050657478084984275,0.8381071706282218,0,0.1344478737831655,0.146395105170722,0.3096,낮음,수요인구 높음
47190565,선주원남동,중식,3192949000,266079083.33333334,137101,122356,35957.81516518449,2165.2975476968372,26.75088420022828,12593.260573074638,0.6766210299087526,202301,47190565,9,0,음식점,9,354772111.1111111,1399.2511747860708,0.03323449066306783,0.8381071706282218,0,0.2748508399591006,0.10647049605786327,0.3098,낮음,수요인구 높음
47190565,선주원남동,커피전문점,9009307000,750775583.3333334,843775,716733,35957.81516518449,2165.2975476968372,26.75088420022828,12593.260573074638,0.6664688846346679,202301,47190565,25,0,카페,25,360372280.0,503.73042292298555,0.09384132993230687,0.8381071706282218,0,0.2520855388758593,0.10816780448990715,0.3351,낮음,수요인구 높음
47190565,선주원남동,패스트푸드,876525000,73043750.0,71246,62623,35957.81516518449,2165.2975476968372,26.75088420022828,12593.260573074638,0.6280809550112966,202301,47190565,4,0,음식점,4,219131250.0,3148.3151432686595,0.00909719769598984,0.8381071706282218,0,0.16600395195559,0.06536023994570192,0.2819,낮음,수요인구 높음
47190565,선주원남동,한식,95972153000,7997679416.666667,2699237,2399262,35957.81516518449,2165.2975476968372,26.75088420022828,12593.260573074638,0.6681399051825259,202301,47190565,38,0,음식점,38,2525582973.6842103,331.40159402827993,1.0,0.8381071706282218,0,0.2558326568357822,0.7644034360318904,0.8417,매우 추천,소비 규모 높음 + 수요인구 높음 + 공급 대비 소비 부족
47190582,형곡1동,양식,789219000,65768250.0,60629,53203,10833.901791976406,899.6590264825048,20.32753853462973,3797.9638887521305,0.6411860536847692,202301,47190582,8,0,음식점,8,98652375.0,474.7454860940163,0.008187463338297245,0.23498027252191775,0,0.19539099370614138,0.028845303614695735,0.098,낮음,특징 약함
47190582,형곡1동,일식,1585085000,132090416.66666667,35382,32736,10833.901791976406,899.6590264825048,20.32753853462973,3797.9638887521305,0.6100575678352469,202301,47190582,3,0,음식점,3,528361666.6666667,1265.9879629173768,0.0164804402736668,0.23498027252191775,0,0.1255880768350882,0.15908230513093746,0.1143,낮음,특징 약함
47190582,형곡1동,제과점/아이스크림,2165218000,180434833.33333334,187509,167353,10833.901791976406,899.6590264825048,20.32753853462973,3797.9638887521305,0.6045328426773682,202301,47190582,5,0,카페,5,433043600.0,759.5927777504261,0.02252546492410638,0.23498027252191775,0,0.11319936211266163,0.13019314812704003,0.1115,낮음,특징 약함
47190582,형곡1동,중식,269735000,22477916.666666668,16063,13464,10833.901791976406,899.6590264825048,20.32753853462973,3797.9638887521305,0.6088025334889838,202301,47190582,2,0,음식점,2,134867500.0,1898.9819443760653,0.002774405323137006,0.23498027252191775,0,0.12277377168173101,0.039821443486473505,0.09,낮음,특징 약함
47190582,형곡1동,커피전문점,2081445000,173453750.0,277003,241850,10833.901791976406,899.6590264825048,20.32753853462973,3797.9638887521305,0.6524781507961548,202301,47190582,5,0,카페,5,416289000.0,759.5927777504261,0.021652544662646895,0.23498027252191775,0,0.2207125374450895,0.12511513629922807,0.1211,낮음,특징 약함
47190582,형곡1동,패스트푸드,1667066000,138922166.66666666,182521,159299,10833.901791976406,899.6590264825048,20.32753853462973,3797.9638887521305,0.6218659296011549,202301,47190582,4,0,음식점,4,416766500.0,949.4909721880326,0.01733468777530468,0.23498027252191775,0,0.15206729907267258,0.12525985778752263,0.1123,낮음,특징 약함
47190582,형곡1동,한식,13177643000,1098136916.6666667,483937,444411,10833.901791976406,899.6590264825048,20.32753853462973,3797.9638887521305,0.6219456883401633,202301,47190582,12,0,음식점,12,1098136916.6666667,316.4969907293442,0.13727566976699085,0.23498027252191775,0,0.15224615109443979,0.33177072853075035,0.1973,낮음,특징 약함
47190583,형곡2동,양식,414408000,34534000.0,32721,28375,13082.633279903,810.5126489445494,16.84161704585549,4583.974133079807,0.627758677631846,202301,47190583,8,0,음식점,8,51801000.0,572.9967666349759,0.00428190765665888,0.28887998023571687,0,0.16528127301656434,0.014645511533759597,0.1073,낮음,특징 약함
47190583,형곡2동,일식,994049000,82837416.66666667,13407,12734,13082.633279903,810.5126489445494,16.84161704585549,4583.974133079807,0.6298557001201077,202301,47190583,3,0,음식점,3,331349666.6666667,1527.991377693269,0.010321805634201011,0.28887998023571687,0,0.16998366320452485,0.09937158292802688,0.1232,낮음,특징 약함
47190583,형곡2동,제과점/아이스크림,1800317000,150026416.66666666,117131,107433,13082.633279903,810.5126489445494,16.84161704585549,4583.974133079807,0.5942020842756871,202301,47190583,6,0,카페,6,300052833.3333333,763.9956888466345,0.018723172105097545,0.28887998023571687,0,0.09003353665576605,0.08988608701408529,0.1176,낮음,특징 약함
47190583,형곡2동,중식,868561000,72380083.33333333,44081,40798,13082.633279903,810.5126489445494,16.84161704585549,4583.974133079807,0.5808483523327391,202301,47190583,3,0,음식점,3,289520333.3333333,1527.991377693269,0.009014212283479086,0.28887998023571687,0,0.060088956465199884,0.08669387952620558,0.1097,낮음,특징 약함
47190583,형곡2동,커피전문점,1635312000,136276000.0,188847,169002,13082.633279903,810.5126489445494,16.84161704585549,4583.974133079807,0.6115392581098099,202301,47190583,9,0,카페,9,181701333.33333334,509.33045923108966,0.01700380897208187,0.28887998023571687,0,0.12891063815605774,0.054015919010117146,0.1153,낮음,특징 약함
47190583,형곡2동,패스트푸드,505850000,42154166.666666664,50449,46287,13082.633279903,810.5126489445494,16.84161704585549,4583.974133079807,0.5913395905990629,202301,47190583,2,0,음식점,2,252925000.0,2291.9870665399035,0.00523473941090402,0.28887998023571687,0,0.08361464403377306,0.07560250548508332,0.1087,낮음,특징 약함
47190583,형곡2동,한식,22807570000,1900630833.3333333,623167,571013,13082.633279903,810.5126489445494,16.84161704585549,4583.974133079807,0.6247495948962437,202301,47190583,13,0,음식점,13,1754428461.5384614,352.61339485229286,0.23762015300951225,0.28887998023571687,0,0.15853366720410264,0.5306806534082135,0.289,낮음,특징 약함
47190590,신평1동,양식,322693000,26891083.333333332,31316,24322,5323.430250008271,889.536850187492,16.483546207245396,1868.1456513650685,0.6972443504315246,202301,47190590,4,0,음식점,4,80673250.0,467.0364128412671,0.0033262312241596668,0.10264530655096712,0,0.32109683904222736,0.023396160728341577,0.0679,낮음,특징 약함
47190590,신평1동,일식,1398340000,116528333.33333333,20270,18492,5323.430250008271,889.536850187492,16.483546207245396,1868.1456513650685,0.6732427022451558,202301,47190590,2,0,음식점,2,699170000.0,934.0728256825342,0.014534544887011776,0.10264530655096712,0,0.2672752345729219,0.21085117678144008,0.0957,낮음,특징 약함
47190590,신평1동,제과점/아이스크림,787990000,65665833.333333336,58030,51587,5323.430250008271,889.536850187492,16.483546207245396,1868.1456513650685,0.5921753562724672,202301,47190590,2,0,카페,2,393995000.0,934.0728256825342,0.008174657076120485,0.10264530655096712,0,0.08548877572480142,0.11835823397453878,0.0608,낮음,특징 약함
47190590,신평1동,중식,937402000,78116833.33333333,39897,33422,5323.430250008271,889.536850187492,16.483546207245396,1868.1456513650685,0.708850263738862,202301,47190590,3,0,음식점,3,312467333.3333333,622.7152171216895,0.009731540106514341,0.10264530655096712,0,0.34712208825354274,0.09364869416891866,0.0839,낮음,특징 약함
47190590,신평1동,커피전문점,1607125000,133927083.33333333,191612,157946,5323.430250008271,889.536850187492,16.483546207245396,1868.1456513650685,0.6710980305131499,202301,47190590,4,0,카페,4,401781250.0,467.0364128412671,0.01671009854736557,0.10264530655096712,0,0.26246599510818885,0.1207181034786929,0.0827,낮음,특징 약함
47190590,신평1동,패스트푸드,1283668000,106972333.33333333,117684,96827,5323.430250008271,889.536850187492,16.483546207245396,1868.1456513650685,0.6719476747269733,202301,47190590,2,0,음식점,2,641834000.0,934.0728256825342,0.01333965497949883,0.10264530655096712,0,0.2643712482166819,0.19347368724666006,0.0923,낮음,특징 약함
47190590,신평1동,한식,18075134000,1506261166.6666667,569138,502053,5323.430250008271,889.536850187492,16.483546207245396,1868.1456513650685,0.6506015064279403,202301,47190590,7,0,음식점,7,2582162000.0,266.87795019500976,0.188307853456431,0.10264530655096712,0,0.21650432598680514,0.7815515007327883,0.2544,낮음,공급 대비 소비 부족
47190600,신평2동,양식,17135000,1427916.6666666667,1177,1053,1055.0509007627797,88.51950723720823,6.7294603118523,371.2866533605286,0.7047625157866136,202301,47190600,2,0,음식점,2,8567500.0,185.6433266802643,0.0001422964331048275,0.0,0,0.3379556696914595,0.0015422309804961655,0.0341,낮음,특징 약함
47190600,신평2동,일식,212858000,17738166.666666668,2349,1969,1055.0509007627797,88.51950723720823,6.7294603118523,371.2866533605286,0.6392834711485497,202301,47190600,2,0,음식점,2,106429000.0,185.6433266802643,0.002181743180071447,0.0,0,0.19112461816644938,0.03120225595796015,0.0248,낮음,특징 약함
47190600,신평2동,제과점/아이스크림,3479000,289916.6666666667,523,456,1055.0509007627797,88.51950723720823,6.7294603118523,371.2866533605286,0.6366171085903234,202301,47190600,1,0,카페,1,3479000.0,371.2866533605286,0.0,0.0,0,0.18514553248590337,0.0,0.0185,낮음,특징 약함
47190600,신평2동,커피전문점,64248000,5354000.0,4591,4059,1055.0509007627797,88.51950723720823,6.7294603118523,371.2866533605286,0.6627674782033158,202301,47190600,2,0,카페,2,32124000.0,185.6433266802643,0.0006332170433031095,0.0,0,0.2437854575072175,0.008681773889419802,0.026,낮음,특징 약함
47190600,신평2동,한식,1321447000,110120583.33333333,45551,40512,1055.0509007627797,88.51950723720823,6.7294603118523,371.2866533605286,0.636313718725854,202301,47190600,3,0,음식점,3,440482333.3333333,123.76221778684287,0.013733314685581673,0.0,0,0.18446520715329795,0.13244769170615295,0.0445,낮음,특징 약함
47190610,비산동,양식,337636000,28136333.333333332,34698,29622,9239.774415939668,2727.047192925996,16.413001637827417,3238.844946070232,0.6355781155685762,202301,47190610,5,0,음식점,5,67527200.0,647.7689892140463,0.003481938283319409,0.19663936309321145,0,0.18281568117616698,0.019411834191807902,0.0818,낮음,특징 약함
47190610,비산동,일식,44281000,3690083.3333333335,790,608,9239.774415939668,2727.047192925996,16.413001637827417,3238.844946070232,0.6737965746842679,202301,47190610,1,0,음식점,1,44281000.0,3238.844946070232,0.00042515956821493646,0.19663936309321145,0,0.2685172452512249,0.01236633751915192,0.0879,낮음,특징 약함
47190610,비산동,제과점/아이스크림,788635000,65719583.333333336,70446,64951,9239.774415939668,2727.047192925996,16.413001637827417,3238.844946070232,0.5795230598512546,202301,47190610,2,0,카페,2,394317500.0,1619.422473035116,0.00818137801924824,0.19663936309321145,0,0.05711710356615135,0.11845597780694715,0.0862,낮음,특징 약함
47190610,비산동,중식,555574000,46297833.333333336,22698,19922,9239.774415939668,2727.047192925996,16.413001637827417,3238.844946070232,0.6911517242045955,202301,47190610,4,0,음식점,4,138893500.0,809.711236517558,0.005752866815686127,0.19663936309321145,0,0.3074346556613658,0.04104165021291108,0.0985,낮음,특징 약함
47190610,비산동,커피전문점,1178289000,98190750.0,193460,175132,9239.774415939668,2727.047192925996,16.413001637827417,3238.844946070232,0.6063044612192036,202301,47190610,5,0,카페,5,235657800.0,647.7689892140463,0.012241598753359872,0.19663936309321145,0,0.11717206230761344,0.07036913400303098,0.0868,낮음,특징 약함
47190610,비산동,패스트푸드,217149000,18095750.0,17027,15326,9239.774415939668,2727.047192925996,16.413001637827417,3238.844946070232,0.6368429417060814,202301,47190610,1,0,음식점,1,217149000.0,3238.844946070232,0.002226455686988027,0.19663936309321145,0,0.18565194356809311,0.06475945634324765,0.0883,낮음,특징 약함
47190610,비산동,한식,9636789000,803065750.0,361024,316818,9239.774415939668,2727.047192925996,16.413001637827417,3238.844946070232,0.6355874986428525,202301,47190610,18,0,음식점,18,535377166.6666667,179.9358303372351,0.10037973432872481,0.19663936309321145,0,0.1828367219025571,0.16120857445267686,0.1466,낮음,특징 약함
47190630,광평동,양식,60904000,5075333.333333333,9367,7008,3751.046802873247,553.6962125340788,16.78530006705132,1317.901971025752,0.7252154252472568,202301,47190630,4,0,음식점,4,15226000.0,329.475492756438,0.0005983723397074341,0.0649130075692629,0,0.383819536817986,0.003560300152871859,0.0587,낮음,특징 약함
47190630,광평동,중식,18968000,1580666.6666666667,1510,969,3751.046802873247,553.6962125340788,16.78530006705132,1317.901971025752,0.7962749018923665,202301,47190630,1,0,음식점,1,18968000.0,1317.901971025752,0.00016139641566788763,0.0649130075692629,0,0.5431642208201876,0.004694431690459882,0.0746,낮음,특징 약함
47190630,광평동,커피전문점,247672000,20639333.333333332,40580,29301,3751.046802873247,553.6962125340788,16.78530006705132,1317.901971025752,0.7086122516753561,202301,47190630,2,0,카페,2,123836000.0,658.950985512876,0.0025445073879003474,0.0649130075692629,0,0.34658836694234507,0.03647799825480534,0.0607,낮음,특징 약함
47190630,광평동,패스트푸드,107457000,35819000.0,10891,9059,3751.046802873247,553.6962125340788,16.78530006705132,1317.901971025752,0.7196131632458358,202301,47190630,2,0,음식점,2,53728500.0,658.950985512876,0.0010834577124614643,0.0649130075692629,0,0.37125695248075097,0.015229701415828254,0.0594,낮음,특징 약함
47190630,광평동,한식,732408000,61034000.0,21542,19358,3751.046802873247,553.6962125340788,16.78530006705132,1317.901971025752,0.6866526718231988,202301,47190630,10,0,음식점,10,73240800.0,131.79019710257518,0.007595488919644758,0.0649130075692629,0,0.29734592275944194,0.02114352151226833,0.0558,낮음,특징 약함
47190645,상모사곡동,양식,1363028000,113585666.66666667,106421,93819,24534.15369322134,1594.9743460240372,19.475116479204427,8592.79632757123,0.6650660214404501,202301,47190645,13,0,음식점,13,104848307.6923077,660.9843328900946,0.014166591485884238,0.5637801435847332,0,0.24893974041329303,0.030723177123813537,0.205,낮음,특징 약함
47190645,상모사곡동,일식,5627569000,468964083.3333333,105320,95444,24534.15369322134,1594.9743460240372,19.475116479204427,8592.79632757123,0.7346410391366652,202301,47190645,6,0,음식점,6,937928166.6666666,1432.1327212618717,0.05860339385329009,0.5637801435847332,0,0.4049556545836086,0.28321439609554055,0.2785,낮음,특징 약함
47190645,상모사곡동,제과점/아이스크림,2635306000,219608833.33333334,183129,168912,24534.15369322134,1594.9743460240372,19.475116479204427,8592.79632757123,0.6148403534691802,202301,47190645,8,0,카페,8,329413250.0,1074.0995409464037,0.027423813316416145,0.5637801435847332,0,0.13631305683030492,0.09878469056790455,0.2099,낮음,특징 약함
47190645,상모사곡동,중식,3051942000,254328500.0,116897,103051,24534.15369322134,1594.9743460240372,19.475116479204427,8592.79632757123,0.6917934389962995,202301,47190645,8,0,음식점,8,381492750.0,1074.0995409464037,0.03176518829467207,0.5637801435847332,0,0.3088736451604625,0.11456903140484079,0.2315,낮음,특징 약함
47190645,상모사곡동,커피전문점,4033491000,336124250.0,561757,483882,24534.15369322134,1594.9743460240372,19.475116479204427,8592.79632757123,0.665853001798722,202301,47190645,12,0,카페,12,336124250.0,716.0663606309358,0.041992994505686304,0.5637801435847332,0,0.2507044752864621,0.10081867152695137,0.2282,낮음,특징 약함
47190645,상모사곡동,패스트푸드,625844000,52153666.666666664,36076,30264,24534.15369322134,1594.9743460240372,19.475116479204427,8592.79632757123,0.6799098008555072,202301,47190645,5,0,음식점,5,125168800.0,1718.559265514246,0.006485084914271088,0.5637801435847332,0,0.2822256222120501,0.03688194547909645,0.2058,낮음,특징 약함
47190645,상모사곡동,한식,49528604000,4127383666.6666665,1395030,1245459,24534.15369322134,1594.9743460240372,19.475116479204427,8592.79632757123,0.6768362536534777,202301,47190645,21,0,음식점,21,2358504952.3809524,409.1807775033919,0.516055113984382,0.5637801435847332,0,0.27533346045128715,0.7137651535097557,0.536,검토 가능,공급 대비 소비 부족
47190660,임오동,양식,920161000,76680083.33333333,44442,40492,12521.340162109356,973.9957238174876,21.235175044040044,4388.839609251486,0.761346799045996,202301,47190660,7,0,음식점,7,131451571.42857143,626.9770870359265,0.009551887733699437,0.2754988648175402,0,0.46484099394578404,0.03878613821576128,0.1393,낮음,특징 약함
47190660,임오동,일식,53796000,4483000.0,1742,1444,12521.340162109356,973.9957238174876,21.235175044040044,4388.839609251486,0.6882492575914593,202301,47190660,1,0,음식점,1,53796000.0,4388.839609251486,0.0005243065044328944,0.2754988648175402,0,0.3009261272126278,0.015250159427262563,0.1153,낮음,특징 약함
47190660,임오동,제과점/아이스크림,823257000,68604750.0,64937,60862,12521.340162109356,973.9957238174876,21.235175044040044,4388.839609251486,0.6958742396946692,202301,47190660,2,0,카페,2,411628500.0,2194.419804625743,0.00854214157423911,0.2754988648175402,0,0.31802448511113124,0.12370262426530798,0.1369,낮음,특징 약함
47190660,임오동,중식,715559000,59629916.666666664,36140,32700,12521.340162109356,973.9957238174876,21.235175044040044,4388.839609251486,0.7317941215750374,202301,47190660,6,0,음식점,6,119259833.33333333,731.473268208581,0.00741992121304083,0.2754988648175402,0,0.3985716900421371,0.03509104610677602,0.1311,낮음,특징 약함
47190660,임오동,커피전문점,965082000,80423500.0,131860,111184,12521.340162109356,973.9957238174876,21.235175044040044,4388.839609251486,0.723337923067055,202301,47190660,7,0,카페,7,137868857.14285713,626.9770870359265,0.010019967557330218,0.2754988648175402,0,0.3796094017910728,0.04073109976420716,0.1312,낮음,특징 약함
47190660,임오동,패스트푸드,1269175000,105764583.33333333,107618,97498,12521.340162109356,973.9957238174876,21.235175044040044,4388.839609251486,0.7711828927754117,202301,47190660,3,0,음식점,3,423058333.3333333,1462.946536417162,0.01318863695042822,0.2754988648175402,0,0.48689757698195607,0.1271667970212428,0.1563,낮음,특징 약함
47190660,임오동,한식,14148954000,1179079500.0,483958,424947,12521.340162109356,973.9957238174876,21.235175044040044,4388.839609251486,0.7243611074541053,202301,47190660,17,0,음식점,17,832291411.7647059,258.1670358383227,0.1473967953334439,0.2754988648175402,0,0.3819038036151219,0.25119783402638773,0.2248,낮음,특징 약함
47190670,인동동,양식,3519572000,293297666.6666667,179409,150543,42706.992441079376,2893.6420865111463,22.22912199512004,14954.116090976315,0.690296044943468,202301,47190670,24,0,음식점,24,146648833.33333334,623.0881704573465,0.036637924162628316,1.0,0,0.3055158694852086,0.0433921494426922,0.3535,검토 가능,수요인구 높음
47190670,인동동,일식,1164108000,97009000.0,20555,17668,42706.992441079376,2893.6420865111463,22.22912199512004,14954.116090976315,0.724927267786859,202301,47190670,7,0,음식점,7,166301142.85714287,2136.302298710902,0.012093831785151058,1.0,0,0.3831733688241056,0.04934840385674721,0.3512,검토 가능,수요인구 높음
47190670,인동동,제과점/아이스크림,4292987000,357748916.6666667,370090,334596,42706.992441079376,2893.6420865111463,22.22912199512004,14954.116090976315,0.6106445665901187,202301,47190670,11,0,카페,11,390271545.45454544,1359.465099179665,0.0446969601768177,1.0,0,0.1269043703897378,0.11722972322393067,0.3504,검토 가능,수요인구 높음
47190670,인동동,중식,2105424000,175452000.0,81551,67573,42706.992441079376,2893.6420865111463,22.22912199512004,14954.116090976315,0.7153165560540661,202301,47190670,9,0,음식점,9,233936000.0,1661.5684545529239,0.021902407445996388,1.0,0,0.3616221852747748,0.06984728801654806,0.3565,검토 가능,수요인구 높음
47190670,인동동,커피전문점,5278322000,439860166.6666667,844396,709541,42706.992441079376,2893.6420865111463,22.22912199512004,14954.116090976315,0.6775984558615948,202301,47190670,20,0,카페,20,263916100.0,747.7058045488158,0.054964216760981816,1.0,0,0.2770426324819901,0.07893370621805598,0.3643,검토 가능,수요인구 높음
47190670,인동동,패스트푸드,3849914000,320826166.6666667,378501,316414,42706.992441079376,2893.6420865111463,22.22912199512004,14954.116090976315,0.710909935748337,202301,47190670,10,0,음식점,10,384991400.0,1495.4116090976315,0.04008010989085876,1.0,0,0.35174072324767724,0.11562940802268748,0.3706,검토 가능,수요인구 높음
47190670,인동동,한식,64082803000,5340233583.333333,1988409,1704651,42706.992441079376,2893.6420865111463,22.22912199512004,14954.116090976315,0.7036739803824229,202301,47190670,40,0,음식점,40,1602070075.0,373.8529022744079,0.6677108407270481,1.0,0,0.33551472390639203,0.48450362209092446,0.7067,추천,소비 규모 높음 + 수요인구 높음
47190680,b' ',한식,107532000,8961000.0,9585,7158,29443.03247494437,9129.325876347228,27.704411437150924,10313.372689661675,1.0,202301,47190680,1,0,음식점,1,107532000.0,10313.372689661675,0.0010842392174763194,0.6817665994677247,0,1.0,0.031536555018879336,0.3097,낮음,수요인구 높음 + 외부 유입 소비 높음
47190680,진미동,양식,3449150000,287429166.6666667,96703,76730,29443.03247494437,9129.325876347228,27.704411437150924,10313.372689661675,0.786334482629615,202301,47190680,9,0,음식점,9,383238888.8888889,1145.9302988512973,0.03590412221387992,0.6817665994677247,0,0.5208736968668066,0.11509825406194871,0.29,낮음,수요인구 높음
47190680,진미동,일식,1459559000,121629916.66666667,29272,23890,29443.03247494437,9129.325876347228,27.704411437150924,10313.372689661675,0.7150756927056805,202301,47190680,7,0,음식점,7,208508428.57142857,1473.3389556659536,0.015172450960404017,0.6817665994677247,0,0.3610820702057054,0.062140657690141064,0.2568,낮음,수요인구 높음
47190680,진미동,제과점/아이스크림,2290350000,190862500.0,176232,155380,29443.03247494437,9129.325876347228,27.704411437150924,10313.372689661675,0.6443936977300813,202301,47190680,5,0,카페,5,458070000.0,2062.674537932335,0.02382934873102446,0.6817665994677247,0,0.20258385595229145,0.13777819075459022,0.2562,낮음,수요인구 높음
47190680,진미동,중식,4134748000,344562333.3333333,146813,124634,29443.03247494437,9129.325876347228,27.704411437150924,10313.372689661675,0.7216593676487849,202301,47190680,6,0,음식점,6,689124666.6666666,1718.895448276946,0.04304809921620882,0.6817665994677247,0,0.37584538754086594,0.20780662057114677,0.2927,낮음,수요인구 높음
47190680,진미동,커피전문점,3863444000,321953666.6666667,471809,386781,29443.03247494437,9129.325876347228,27.704411437150924,10313.372689661675,0.6917096971297115,202301,47190680,8,0,카페,8,482930500.0,1289.1715862077094,0.04022109339553863,0.6817665994677247,0,0.30868586132220177,0.14531295213625967,0.2753,낮음,수요인구 높음
47190680,진미동,패스트푸드,547048000,45587333.333333336,35105,30295,29443.03247494437,9129.325876347228,27.704411437150924,10313.372689661675,0.6867839727339855,202301,47190680,5,0,음식점,5,109409600.0,2062.674537932335,0.005664025325597392,0.6817665994677247,0,0.29764035360985475,0.032105621126569145,0.2417,낮음,수요인구 높음
47190680,진미동,한식,48106678000,4008889833.3333335,1361197,1149229,29443.03247494437,9129.325876347228,27.704411437150924,10313.372689661675,0.7137938139095773,202301,47190680,32,0,음식점,32,1503333687.5,322.29289655192736,0.5012385499876761,0.6817665994677247,0,0.3582075687129021,0.45457843476562737,0.5341,검토 가능,수요인구 높음
47190690,양포동,양식,2394659000,199554916.66666666,131963,110786,40731.0162041068,3991.390483349422,22.43747926670795,14262.586915217393,0.6599526187036799,202301,47190690,19,0,음식점,19,126034684.21052632,750.6624692219681,0.02491625548561815,0.9525792179962586,0,0.23747338037610985,0.03714437909509255,0.3263,낮음,수요인구 높음
47190690,양포동,일식,2496281000,208023416.66666666,51825,45027,40731.0162041068,3991.390483349422,22.43747926670795,14262.586915217393,0.6868897791267327,202301,47190690,9,0,음식점,9,277364555.5555556,1584.7318794685991,0.0259751635205463,0.9525792179962586,0,0.2978776152252465,0.08300968632960233,0.3397,낮음,수요인구 높음
47190690,양포동,제과점/아이스크림,3564340000,297028333.3333333,323609,292203,40731.0162041068,3991.390483349422,22.43747926670795,14262.586915217393,0.5919477952825202,202301,47190690,11,0,카페,11,324030909.09090906,1296.5988104743085,0.0371044097160288,0.9525792179962586,0,0.0849784900353158,0.09715340179958541,0.3255,낮음,수요인구 높음
47190690,양포동,중식,2879545000,239962083.33333334,148731,122734,40731.0162041068,3991.390483349422,22.43747926670795,14262.586915217393,0.6860052248410171,202301,47190690,10,0,음식점,10,287954500.0,1426.2586915217394,0.029968800027392273,0.9525792179962586,0,0.29589407932272255,0.08621930417453806,0.3418,낮음,수요인구 높음
47190690,양포동,커피전문점,6418277000,534856416.6666667,867997,731681,40731.0162041068,3991.390483349422,22.43747926670795,14262.586915217393,0.644062638047589,202301,47190690,18,0,카페,18,356570944.4444444,792.3659397342996,0.06684262408377134,0.9525792179962586,0,0.20184148346401576,0.10701568943418553,0.3521,검토 가능,수요인구 높음
47190690,양포동,패스트푸드,1453842000,121153500.0,121100,103270,40731.0162041068,3991.390483349422,22.43747926670795,14262.586915217393,0.6508597590729457,202301,47190690,10,0,음식점,10,145384200.0,1426.2586915217394,0.015112879438138323,0.9525792179962586,0,0.2170834350381795,0.043008862284269325,0.3207,낮음,수요인구 높음
47190690,양포동,한식,58138317000,4844859750.0,1987284,1644037,40731.0162041068,3991.390483349422,22.43747926670795,14262.586915217393,0.6888682799576052,202301,47190690,39,0,음식점,39,1490726076.9230769,365.70735680044595,0.6057688991305642,0.9525792179962586,0,0.30231423092490883,0.45075729933833797,0.6562,추천,소비 규모 높음 + 수요인구 높음
47190700,공단동,양식,334011000,27834250.0,26072,21579,12051.685982309342,7045.507126584991,26.81239145993666,4226.133811246251,0.7361390763846457,202301,47190700,5,0,음식점,5,66802200.0,845.2267622492502,0.003444165540934743,0.26434151029307856,0,0.40831487256793364,0.019192099994920858,0.1246,낮음,특징 약함
47190700,공단동,일식,158464000,13205333.333333334,2817,2592,12051.685982309342,7045.507126584991,26.81239145993666,4226.133811246251,0.6824157959856244,202301,47190700,2,0,음식점,2,79232000.0,2113.0669056231254,0.0016149540630310262,0.26434151029307856,0,0.28784509791004703,0.02295934429901268,0.1123,낮음,특징 약함
47190700,공단동,제과점/아이스크림,377859000,31488250.0,30015,24142,12051.685982309342,7045.507126584991,26.81239145993666,4226.133811246251,0.7238881756756439,202301,47190700,1,0,카페,1,377859000.0,4226.133811246251,0.0039010646328196635,0.26434151029307856,0,0.38084329531487227,0.11346770845596038,0.1362,낮음,특징 약함
47190700,공단동,중식,842460000,70205000.0,34592,26263,12051.685982309342,7045.507126584991,26.81239145993666,4226.133811246251,0.8015444215064095,202301,47190700,3,0,음식점,3,280820000.0,1408.711270415417,0.008742238118242625,0.26434151029307856,0,0.5549806593500773,0.08405696813634411,0.1513,낮음,특징 약함
47190700,공단동,커피전문점,842708000,70225666.66666667,137731,107502,12051.685982309342,7045.507126584991,26.81239145993666,4226.133811246251,0.7567116610156973,202301,47190700,3,0,카페,3,280902666.6666667,1408.711270415417,0.00874482229482508,0.26434151029307856,0,0.45444710083518286,0.08408202288615009,0.1413,낮음,특징 약함
47190700,공단동,한식,9031592000,752632666.6666666,396571,287870,12051.685982309342,7045.507126584991,26.81239145993666,4226.133811246251,0.7808466973286969,202301,47190700,28,0,음식점,28,322556857.14285713,150.9333504016518,0.0940735411223875,0.26434151029307856,0,0.5085678165545443,0.0967066437016889,0.187,낮음,특징 약함
