dong_code,year_month,home_pop,work_pop,living_pop,inflow_pop,total_demand_pop
47190250,202301,8018.961182795699,382.10165322580644,8401.062836021505,13.765085063162573,7142.968173
47190250,202302,8419.954298507462,382.55658208955225,8802.510880597014,13.531731484612783,7484.164008
47190250,202303,8047.660027,425.68016129032253,8473.340188172042,13.73178633,7204.398928
47190250,202304,8179.618888888888,445.52973611111105,8625.148625,14.373566197183099,7333.532366
47190250,202305,8192.755652759086,458.8514401076716,8651.607092866758,14.113614225193809,7355.983071
47190250,202306,8118.471152777778,443.70236111111114,8562.173513888889,13.389148203724954,7279.855859
47190250,202307,8142.496559139784,455.32153225806456,8597.818091397849,13.239991047715677,7310.131376
47190250,202308,7949.2997043010755,461.3635483870967,8410.663252688173,13.452584369187162,7151.081652
47190250,202309,7467.370819444444,385.705875,7853.076694444444,14.585861077647573,6677.303069
47190250,202310,7719.405524193548,391.13498655913975,8110.5405107526885,14.409429055138796,6896.120848
47190250,202311,7680.910055555556,424.4084861111111,8105.318541666667,14.082416829745597,6891.633123
47190250,202312,7647.913763,371.2311424731183,8019.144905913978,13.612470131885182,6818.315041
47190250,202401,7567.798413978494,454.0368145,8021.835228494623,13.728382019642407,6820.619202
47190250,202402,7533.257098,441.6281465517241,7974.885244252874,14.780817475293441,6780.86958
47190250,202403,7307.451491935484,391.22887096774195,7698.6803629032265,14.497967216040935,6546.053004
47190250,202404,7382.535972222223,430.03883333333334,7812.574805555556,15.037984336356141,6642.944282
47190250,202405,7300.625362903225,429.31286290322583,7729.938225806452,14.607372726264419,6572.638598
47190250,202406,7280.635083333333,425.423625,7706.058708333333,13.93353858298796,6552.239933
47190250,202407,7389.290430107527,432.7561962365591,7822.046626344086,13.650420250533973,6650.787195
47190250,202408,7346.790483870968,429.75443548387096,7776.544919354839,13.533382211945181,6612.093189
47190250,202409,7268.509986111112,405.18083333333334,7673.690819444446,14.741694543683014,6524.848451
47190250,202410,7120.8516801075275,345.2816129032258,7466.133293010753,15.201732656023221,6348.493559
47190250,202411,6935.840388888889,383.29380555555554,7319.134194444445,15.05339673271998,6223.522075
47190250,202412,6906.037688172043,231.25233870967742,7137.290027,14.26477981651376,6068.83624
47190253,202301,16342.755793010754,847.6611559139785,17190.416948924732,23.437688249400477,14615.37006
47190253,202302,16811.746746268658,796.7884478,17608.535194029853,23.321942901997268,14970.75321
47190253,202303,16496.66130376344,888.1003763,17384.761680107527,24.549327447076084,14780.72983
47190253,202304,16370.634430555554,837.1302916666666,17207.764722222222,24.522197859026736,14630.27834
47190253,202305,16504.359205921937,833.2775639300135,17337.63676985195,24.426639329916238,14740.65525
47190253,202306,16175.425041666665,866.6105694444444,17042.03561111111,23.87924481600283,14489.31216
47190253,202307,16014.366169354838,838.8909543010752,16853.257123655912,23.44640625794963,14328.78552
47190253,202308,15581.480981182794,749.7137634408602,16331.194744623655,23.119981118113856,13884.98353
47190253,202309,15305.134486111112,792.0904027777777,16097.22488888889,24.136521869084387,13686.26163
47190253,202310,15237.96502688172,722.0472715053764,15960.012298387097,25.084250431217658,13569.77309
47190253,202311,14944.536624999999,769.9277361,15714.46436111111,24.433289210526315,13360.9597
47190253,202312,15037.653508064517,724.0695967741935,15761.723104838711,23.62459536980127,13401.00833
47190253,202401,14750.335658602151,792.8456182795699,15543.181276881722,22.141824129404494,13215.02536
47190253,202402,14526.67058908046,777.0238218390804,15303.694410919541,23.262634048980473,13011.62964
47190253,202403,14031.07629032258,755.0709005376344,14786.147190860214,23.863980724373928,12571.80471
47190253,202404,13969.332250000001,776.4661527777778,14745.798402777778,25.303708039784503,12537.7242
47190253,202405,13695.507150537635,775.3666532258065,14470.873803763441,25.25365635755033,12304.03078
47190253,202406,13726.151472222224,846.1746944444445,14572.326166666668,24.431560817559504,12390.14198
47190253,202407,13521.33936827957,844.8045295698925,14366.143897849463,24.381293225381654,12214.87951
47190253,202408,13192.092889784946,737.5015322580646,13929.59442204301,24.11573243428125,11843.77262
47190253,202409,12826.192152777778,754.6662222222222,13580.85838,24.636289514719085,11547.42507
47190253,202410,12484.826599462365,669.7892876344085,13154.615887096774,27.58989399207959,11185.56199
47190253,202411,12327.034666666668,693.7797083333334,13020.814375000002,26.209572603279334,11071.62365
47190253,202412,12245.707876344086,496.0331048387097,12741.740981182795,25.055948225571218,10834.23823
47190256,202301,10761.015255376344,1684.9820833333333,12445.997338709676,24.82735172843028,10582.82184
47190256,202302,11804.961507462687,1984.349671641791,13789.311179104478,25.289352963755004,11724.70791
47190256,202303,11640.41565860215,2216.4277822580643,13856.843440860215,26.516349650349653,11782.29438
47190256,202304,11947.641791666667,2171.830513888889,14119.472305555555,26.73794573932038,12005.56215
47190256,202305,11920.175679676984,2193.2734454912516,14113.449125168236,26.899417006351314,12000.46667
47190256,202306,11889.473666666665,2146.5525694444445,14036.026236111109,26.18837970739307,11934.55056
47190256,202307,11480.887849462366,2069.1222849462365,13550.010134408603,25.444487101112607,11521.32529
47190256,202308,11380.239986559141,2015.369637096774,13395.609623655915,24.91161133681098,11390.00492
47190256,202309,10710.989361111111,1997.8157777777776,12708.805138888889,25.509122884043123,10806.31074
47190256,202310,10649.24755376344,1940.0745833333333,12589.322137096773,26.128215555714664,10704.84305
47190256,202311,10500.58463,2015.0555694444445,12515.640194444444,26.610940572158867,10642.28581
47190256,202312,10216.391559139785,1776.2637768817203,11992.655336021506,24.849935235081823,10197.48453
47190256,202401,10431.972177419355,1930.5363172043012,12362.508494623657,24.366947373547962,10511.78726
47190256,202402,10133.247772988507,1887.1660344827587,12020.413807471265,24.61531415360904,10221.04403
47190256,202403,10355.607634408601,2073.819798387097,12429.42743,24.92380440684101,10568.75189
47190256,202404,11191.817597222222,2186.277597222222,13378.095194444444,26.878469718093527,11375.41269
47190256,202405,10823.08369623656,2119.295120967742,12942.378817204302,26.69029501436687,11005.02554
47190256,202406,10170.803194444445,1982.9243472222222,12153.727541666667,25.423807602365994,10334.48198
47190256,202407,9917.246532258065,2076.950819892473,11994.197352150539,25.487181476846057,10198.89083
47190256,202408,9781.924448924732,1918.1129838709678,11700.03743,24.913888474970896,9948.768899
47190256,202409,9591.934194444444,1799.1625416666668,11391.09673611111,25.416843480652854,9686.244752
47190256,202410,9610.466599462367,1863.6730913978495,11474.139690860216,28.196855230462717,9757.248266
47190256,202411,9338.547264,1747.4833888888888,11086.03065277778,26.857179679168652,9427.154632
47190256,202412,9022.257620967743,1696.946357526882,10719.203978494625,25.9640867,9115.217995
47190310,202301,218.4024865591398,6.379758064516129,224.7822446236559,5.819657293497364,191.9378565
47190310,202302,1264.073552238806,34.39586567164179,1298.4694179104479,5.392016693591815,1104.507808
47190310,202303,1209.968185483871,30.56829301075269,1240.5364784946237,5.375924868189807,1055.262395
47190310,202304,1194.301763888889,43.05838888888889,1237.3601527777778,5.465439856373429,1052.575946
47190310,202305,772.7209017496635,28.980497981157466,801.7013997,5.552983799705449,682.2791373
47190310,202306,1213.7314444444444,44.18563888888889,1257.9170833333333,5.236526195899772,1070.015
47190310,202307,1271.4322177419353,40.190497311827954,1311.6227150537634,5.326348351648352,1115.67826
47190310,202308,1253.0738844086022,41.537137096774195,1294.6110215053764,5.220868900775025,1101.202499
47190310,202309,1187.1506666666667,41.294263888888885,1228.4449305555556,5.873265325762679,1045.059181
47190310,202310,1222.445873655914,44.61547043010752,1267.0613440860216,5.766749222901835,1077.867155
47190310,202311,1193.2136805555556,35.782250000000005,1228.9959305555556,5.743652858235873,1045.508089
47190310,202312,1191.2476478494623,32.84255376344086,1224.0902016129032,5.466978314504609,1041.296718
47190310,202401,1227.6962231182795,25.53682795698925,1253.2330510752688,5.389699576676225,1066.056548
47190310,202402,1211.202959770115,29.237801724137935,1240.440761494253,5.987246111619396,1055.272734
47190310,202403,1172.2677150537634,30.938790322580644,1203.206505376344,5.579212226066897,1023.562411
47190310,202404,1166.2295833333335,36.73180555555556,1202.9613888888891,5.609233672292693,1023.358566
47190310,202405,1189.8026209677419,40.016370967741935,1229.8189919354838,5.680205963122793,1046.198174
47190310,202406,1230.8413055555554,46.138111111111115,1276.9794166666666,5.332899939479524,1086.232439
47190310,202407,1217.2007795698926,45.09655913978495,1262.2973387096774,5.420850653524749,1073.765866
47190310,202408,1241.5149596774193,49.32801075268817,1290.8429704301075,5.282918108419839,1098.008963
47190310,202409,1218.950263888889,39.453291666666665,1258.4035555555556,5.831340710997943,1070.517723
47190310,202410,1201.2796774193548,42.71915322580645,1243.9988306451612,5.953655273335424,1058.292054
47190310,202411,1178.994138888889,55.80455555555555,1234.7986944444444,6.397063629373318,1050.53845
47190310,202412,1168.7906720430108,25.680994623655913,1194.4716666666666,5.754075757575757,1016.164028
47190320,202301,1054.1735349462365,78.39845430107526,1132.5719892473116,10.690173887415268,964.2897169
47190320,202302,1100.044985074627,63.085313432835825,1163.1302985074628,9.265358875,990.0505576
47190320,202303,1048.2445295698926,79.66637096774194,1127.9109005376345,8.601762273086031,960.0145298
47190320,202304,1061.2259583333334,74.34065277777778,1135.5666111111111,9.467449519230769,966.6517369
47190320,202305,1060.1258815612382,78.90526244952893,1139.031144010767,10.415761597181445,969.7388366
47190320,202306,1103.4445555555556,72.06694444444445,1175.5115,9.094212256,1000.548907
47190320,202307,1105.9920833333333,78.93075268817203,1184.9228360215054,9.619391259733204,1008.627319
47190320,202308,1064.2958333333333,71.92059139784946,1136.2164247311828,9.913052095130238,967.2709188
47190320,202309,1049.7060694444444,70.09988888888888,1119.8059583333334,11.584580710076184,953.5727517
47190320,202310,1051.109690860215,66.24005376344086,1117.3497446236559,10.671290665899612,951.3479765
47190320,202311,1048.9723194444446,75.73934722222222,1124.7116666666668,9.380334107165266,957.4119668
47190320,202312,1049.906801075269,63.574543010752684,1113.4813440860216,9.268543220422513,947.849424
47190320,202401,1068.9165456989247,67.67778225806451,1136.5943279569892,9.030795094804892,967.459798
47190320,202402,1048.1824425287357,70.24277298850575,1118.4252155172414,11.400293540773244,952.3714772
47190320,202403,1038.614247311828,56.93948924731183,1095.553737,9.052471074380165,932.5785471
47190320,202404,1053.802375,66.954,1120.756375,9.095333951189373,954.0072188
47190320,202405,1061.540752688172,72.24978494623656,1133.7905376344086,9.124673997452863,965.0906581
47190320,202406,1071.498722222222,71.96290277777778,1143.461625,8.341492940130994,973.1936052
47190320,202407,1100.3901075268818,72.59629032258064,1172.9863978494625,8.289114189189188,998.2818053
47190320,202408,1105.924879032258,75.72129032258064,1181.6461693548388,8.956334194,1005.742694
47190320,202409,1077.8675,69.11686111,1146.9843611111112,10.384134266783349,976.4943271
47190320,202410,1057.1270161290322,60.037284946236554,1117.1643010752687,9.776668835586053,951.0561562
47190320,202411,1032.098875,63.748986111111115,1095.8478611111111,9.449365724930146,932.8880868
47190320,202412,1028.196747311828,56.26880376344086,1084.4655510752689,8.845473353194306,923.1225394
47190330,202301,1254.5152822580644,71.60831989247312,1326.1236021505376,6.488913731978256,1128.178399
47190330,202302,1410.3842985074627,82.62505970149253,1493.0093582089553,6.112353207775204,1269.974807
47190330,202303,1361.7939247311829,96.82225806451612,1458.616182795699,6.2819499221587956,1240.766048
47190330,202304,1365.642277777778,85.87493055555555,1451.5172083333334,6.584126043405676,1234.777246
47190330,202305,1427.0352355316284,89.92189771197847,1516.957133243607,6.711076455080105,1290.420225
47190330,202306,1441.357763888889,89.56602777777778,1530.9237916666666,6.305121494549389,1302.230991
47190330,202307,1451.233924731183,84.09173387096774,1535.3256586021507,6.210080439223697,1305.958322
47190330,202308,1424.4337231182794,83.46612903225807,1507.8998521505375,6.177368557033975,1282.64148
47190330,202309,1371.4094722222223,74.56186111111111,1445.9713333333334,7.085793150519934,1230.138502
47190330,202310,1295.5101612903225,69.53139784946237,1365.0415591397848,6.724303443088751,1161.293971
47190330,202311,1311.5775,75.5005,1387.0780000000002,6.374243479068041,1179.972437
47190330,202312,1303.6850268817204,64.21270161290323,1367.8977284946236,6.065781845164482,1163.622936
47190330,202401,1311.376948924731,97.81875,1409.195698924731,5.908081491505037,1198.702556
47190330,202402,1344.8069252873563,93.30620689655173,1438.113132183908,6.817997029601557,1223.418862
47190330,202403,1286.2252419354838,87.82581989,1374.051061827957,6.400780952380952,1168.90352
47190330,202404,1300.5309444444445,98.89959722222223,1399.4305416666666,6.627022689787367,1190.510014
47190330,202405,1346.6787903225807,94.98708333333333,1441.665873655914,6.809317424180827,1226.43739
47190330,202406,1362.9484166666666,87.01472222222222,1449.9631388888888,6.323713314541536,1233.417225
47190330,202407,1384.5157123655915,107.46868279569892,1491.9843951612904,6.210052661857769,1269.118244
47190330,202408,1350.315752688172,94.20934139784946,1444.5250940860215,6.547772574963484,1228.828496
47190330,202409,1349.2180694444444,93.57406944444445,1442.7921388888888,7.1331420480573025,1227.443289
47190330,202410,1326.8706989247312,77.57572580645162,1404.4464247311828,6.846553035103283,1194.806444
47190330,202411,1274.3895277777776,82.92952777777778,1357.3190555555555,6.714510628875111,1154.728374
47190330,202412,1242.2517069892474,62.07978494623656,1304.3314919354839,6.323729864297569,1109.630328
47190340,202301,2520.368239247312,118.38774193548386,2638.755981182796,8.980843174,2244.28971
47190340,202302,2522.645089552239,119.03049253731345,2641.6755820895523,8.929336788,2246.763645
47190340,202303,2420.227110215054,126.62477150537634,2546.8518817204304,9.724658736349454,2166.282798
47190340,202304,2475.7186666666666,131.62308333333334,2607.34175,9.561310527583714,2217.674684
47190340,202305,2490.610605652759,125.65666218034993,2616.267267833109,9.492212439115773,2225.25101
47190340,202306,2502.504736111111,124.02622222222223,2626.5309583333333,9.073637969727356,2233.91236
47190340,202307,2521.8966532258064,116.55532258064517,2638.4519758064516,8.728018316831683,2243.993382
47190340,202308,2498.705483870968,123.06133064516129,2621.766814516129,8.551035917,2229.784448
47190340,202309,2472.755527777778,128.822125,2601.577652777778,9.673772706101536,2212.792071
47190340,202310,2434.146129032258,114.21233870967741,2548.358467741936,9.812834907,2167.576623
47190340,202311,2420.606652777778,130.0055,2550.612152777778,9.475836607,2169.441705
47190340,202312,2402.5364784946237,102.58034946236559,2505.1168279569893,9.214760582564963,2130.731518
47190340,202401,2426.1393817204303,137.7210618,2563.860443548387,9.190954742715437,2180.66002
47190340,202402,2493.2353448275862,123.65584770114943,2616.8911925287357,9.583554868,2225.795047
47190340,202403,2320.1307661290325,122.87702956989247,2443.007795698925,9.586105012379129,2077.994542
47190340,202404,2349.8727777777776,144.87095833333333,2494.743736111111,9.885896183345508,2122.01506
47190340,202405,2377.3939784946238,161.63459677419354,2539.0285752688173,10.29093774420422,2159.71793
47190340,202406,2417.2073333333333,169.78269444444445,2586.990027777778,9.631126922906414,2200.386193
47190340,202407,2437.1711424731184,162.81139784946237,2599.982540322581,9.350872165684699,2211.38779
47190340,202408,2388.7440860215056,162.64544354838708,2551.3895295698926,9.261964536516855,2170.070395
47190340,202409,2439.9420972222224,160.20526388888888,2600.1473611111114,10.085791082034948,2211.638126
47190340,202410,2393.617231182796,154.47690860215053,2548.0941397849465,10.690581364244315,2167.483606
47190340,202411,2340.246402777778,142.4272638888889,2482.6736666666666,10.585513437443254,2111.860444
47190340,202412,2339.4421774193547,141.01923387096775,2480.4614112903223,10.319669264490988,2109.94015
47190360,202301,2030.8921774193548,203.00154569892473,2233.8937231182795,8.986769153479026,1900.15768
47190360,202302,2056.3890746268657,232.22777611940296,2288.616850746269,9.185377079183937,1946.70213
47190360,202303,1928.1890053763443,239.23366935483872,2167.422674731183,9.664089509827138,1843.758887
47190360,202304,1964.5817777777777,237.30788888888887,2201.8896666666665,9.604663113,1873.046916
47190360,202305,1979.6303633916552,247.39312247644682,2227.023485868102,9.609529396256262,1894.411392
47190360,202306,2021.6061388888888,251.60794444444446,2273.2140833333333,9.386328464454099,1933.63992
47190360,202307,2019.3097849462365,213.4081989247312,2232.7179838709676,9.128794708029197,1899.179605
47190360,202308,2006.9798924731183,226.62700268817204,2233.606895,9.185626485,1899.943705
47190360,202309,1918.9697361111112,219.2592361111111,2138.228972222222,10.461158479681005,1819.0638
47190360,202310,1909.726129032258,211.5581586021505,2121.2842876344084,9.694377279162556,1804.545801
47190360,202311,1892.1326944444445,216.82929166666665,2108.961986111111,9.770377314,1794.083245
47190360,202312,1843.8548387096773,182.28900537634408,2026.1438440860213,9.260385437907196,1723.611325
47190360,202401,1881.398306451613,206.27903225806452,2087.6773387096778,8.853514386989158,1775.853765
47190360,202402,1947.2311063218392,198.63341954022985,2145.864525862069,9.554583806085612,1825.418035
47190360,202403,1832.348494623656,203.62693548387097,2035.975430107527,9.576965431389448,1732.01566
47190360,202404,1848.661347222222,237.459,2086.120347222222,9.804382325141777,1774.672952
47190360,202405,1847.416196236559,221.62719086021505,2069.043387096774,9.713479569892472,1760.143901
47190360,202406,1857.3805694444445,224.96256944444443,2082.343138888889,9.519246699222283,1771.419555
47190360,202407,1806.7092473118278,221.88818548387096,2028.5974327956988,9.513865456959504,1725.734898
47190360,202408,1813.7251747311827,206.5140188172043,2020.239193548387,9.333006070564608,1718.603265
47190360,202409,1826.1460972222221,194.81966666666668,2020.965763888889,10.178816326530612,1719.347722
47190360,202410,1734.8873924731183,198.3653494623656,1933.252741935484,10.216860715825787,1644.79736
47190360,202411,1667.1622916666668,177.55725,1844.7195416666668,10.123192900681248,1569.530089
47190360,202412,1616.8662365591397,111.82913978494625,1728.6953763440858,9.575018130832085,1470.827323
47190510,202301,13508.675255376345,1565.6169220430108,15074.292177419356,26.189655995410213,12817.0768
47190510,202302,15161.951656716417,1841.4067014925372,17003.358358208956,25.739922557832617,14456.71559
47190510,202303,13622.630806451612,1757.4254704301077,15380.05627688172,26.40568284023669,13077.00869
47190510,202304,14379.796416666666,1922.875,16302.671416666666,27.389995946858814,13861.3792
47190510,202305,14656.237765814267,1820.460874831763,16476.69864064603,25.70031764,14009.04889
47190510,202306,14333.030194444445,1953.4874861111111,16286.517680555557,24.656699817475545,13847.23853
47190510,202307,14155.597056451614,1928.4247715053764,16084.02182795699,24.374718945176962,13675.07476
47190510,202308,13912.886451612903,1918.3324059139786,15831.218857526881,22.928470301624127,13459.9753
47190510,202309,12287.988222222222,1748.033847222222,14036.022069444443,21.263064227683817,11933.80822
47190510,202310,14198.417674731183,1961.0927822580645,16159.510456989248,22.734179658315487,13738.99402
47190510,202311,14485.278263888888,2090.2669166666665,16575.545180555553,22.47670026385224,14092.58491
47190510,202312,14565.914395161291,1907.876626344086,16473.791021505378,22.014568211821555,14006.02455
47190510,202401,17282.87295698925,2244.573145,19527.44610215054,20.933664536741215,16601.46924
47190510,202402,17461.006853448274,2117.047183908046,19578.05403735632,21.36117247565351,16644.55011
47190510,202403,16589.96301075269,2164.338991935484,18754.302002688175,22.12007908,15944.47471
47190510,202404,17020.26663,2307.8019305555554,19328.068555555554,22.830664671118274,16432.28287
47190510,202405,16581.479637096774,2309.8767338709677,18891.35637096774,21.43966630066358,16060.86887
47190510,202406,16727.261194444443,2293.3554305555554,19020.61663,21.398645693604312,16170.73393
47190510,202407,16105.302486559141,2452.909260752688,18558.21174731183,20.64032876566815,15777.57603
47190510,202408,16400.796532258064,2352.371586021505,18753.16811827957,19.881064925107477,15943.17506
47190510,202409,16126.772458333333,2167.32425,18294.096708333334,20.31311824876078,15553.02917
47190510,202410,16106.222809139785,2121.368494623656,18227.591303763442,24.866665016637793,15497.18261
47190510,202411,16168.336027777777,2164.8418472222224,18333.17788,21.94094476701777,15586.49234
47190510,202412,16465.73632,1990.3727688172044,18456.109086021504,20.722265859284892,15690.80106
47190535,202301,10058.738440860216,1677.660819892473,11736.399260752689,24.259849322493228,9979.578349
47190535,202302,9511.421149,2122.4734179104476,11633.894567164178,24.463821216914976,9892.479955
47190535,202303,8698.528978494624,2062.728655913979,10761.257634408603,25.11703090436613,9150.836544
47190535,202304,8378.596083333334,1778.7272638888887,10157.323347222222,24.403029586307735,8637.3853
47190535,202305,9133.176231493942,2022.050471063257,11155.2267,24.999702402070245,9485.69265
47190535,202306,9193.671180555555,2054.62975,11248.300930555555,24.54590070261576,9564.737676
47190535,202307,9155.360739247311,1956.8650403225809,11112.225779569892,24.25677102784348,9449.030428
47190535,202308,9253.009395,1965.625632,11218.63502688172,24.008973361452938,9539.441119
47190535,202309,8452.112764,1771.7957777777776,10223.908541666668,24.300566957035286,8693.967345
47190535,202310,9127.847298387096,1909.544059139785,11037.391357526882,25.170534738405063,9385.558234
47190535,202311,9480.226986,1989.6031805555556,11469.830166666667,25.576222145671412,9753.192075
47190535,202312,9639.992741935483,1823.6836559139783,11463.67639784946,25.818329772653982,9747.997688
47190535,202401,10039.71002688172,1870.9169086021504,11910.62693548387,24.015325185064672,10127.63519
47190535,202402,11362.704956896552,1784.1823850574713,13146.887341954023,25.109887810794422,11178.62072
47190535,202403,10488.112580645162,1715.7317338709677,12203.844314516129,24.494119966035903,10376.94179
47190535,202404,10833.87013888889,1829.7217361111109,12663.59188,25.328420764682367,10767.85236
47190535,202405,10819.82311827957,1814.714865591398,12634.537983870967,25.862854405017714,10743.23671
47190535,202406,10847.90725,1811.5808749999999,12659.48813,25.094932111959288,10764.32915
47190535,202407,10937.643198924732,1952.1617876344087,12889.80498655914,24.827195650460958,10960.05832
47190535,202408,11000.28317204301,1793.5575806451614,12793.840752688171,24.536338925377862,10878.44509
47190535,202409,11176.306416666666,1701.444888888889,12877.751305555556,24.890737786441754,10949.82222
47190535,202410,11432.995188172043,1732.891612903226,13165.886801075269,27.58403747769185,11195.14139
47190535,202411,11560.198847222222,1739.4348888888887,13299.633736111111,27.467899523431292,11308.80886
47190535,202412,11676.364032258065,1670.0921102150537,13346.456142473118,26.45390733330692,11348.45581
47190551,202301,22648.376733870966,1001.5880241935483,23649.964758064514,21.666281924842714,20105.71999
47190551,202302,21204.232029850747,813.1182238805969,22017.350253731343,21.29695077038707,18717.94226
47190551,202303,20567.926639784946,980.5134005376344,21548.44004032258,22.433281855908564,18319.53903
47190551,202304,20882.647097222223,856.4729444444445,21739.12004166667,22.98662738972461,18481.70003
47190551,202305,20889.777496635263,895.0616554508749,21784.839152086137,22.64553137374843,18520.51011
47190551,202306,20777.330458333334,890.7613333333334,21668.091791666666,22.274369349391016,18421.21918
47190551,202307,21055.221586021504,946.3530779569893,22001.574663978492,21.636128207681836,18704.58388
47190551,202308,20788.822862903224,893.6561962365591,21682.479059139783,21.472052815146988,18433.32801
47190551,202309,20585.128847222222,1143.8775416666665,21729.006388888887,21.593498314533903,18472.89446
47190551,202310,21919.060268817204,802.6765860215054,22721.73685483871,22.088672539793773,19316.78963
47190551,202311,21379.971902777776,838.5751944444445,22218.54709722222,22.33681790059806,18889.11556
47190551,202312,22273.480954301074,804.1188978494623,23077.599852150535,21.68510677538342,19619.21264
47190551,202401,22139.45693548387,945.8522043010753,23085.309139784946,19.403123242889833,19625.42324
47190551,202402,21578.175344827585,894.9817098,22473.15705,19.83512485619544,19105.15876
47190551,202403,21395.646760752687,891.0245967741936,22286.67135752688,21.398437966866968,18946.88042
47190551,202404,21469.15938888889,939.601,22408.760388888888,22.32599852021255,19050.79523
47190551,202405,21000.766693548387,897.7028091,21898.46950268817,22.10807243535891,18617.01529
47190551,202406,21028.102972222223,946.0941527777778,21974.197125000002,21.35150323223877,18681.27028
47190551,202407,21072.577862903225,981.6110483870967,22054.188911290323,21.39634675797939,18749.27003
47190551,202408,20908.743776881718,906.9762231182794,21815.719999999998,21.54403879173291,18546.59361
47190551,202409,20586.032319444443,905.9403472222223,21491.972666666665,22.431633249926886,18271.54151
47190551,202410,20587.542741935486,865.8377284946237,21453.380470430107,26.131432613503318,18239.29311
47190551,202411,20721.216180555555,916.5262361111111,21637.742416666668,23.967674533915112,18395.67621
47190551,202412,20776.70200268817,689.5404838709677,21466.24248655914,22.55691647,18249.68965
47190555,202301,2294.072997311828,174.62260752688172,2468.695605,12.559066957304648,2100.275124
47190555,202302,2752.9704029850745,221.57550746268657,2974.5459104477613,13.277151236929354,2530.355597
47190555,202303,2577.5690994623656,280.8074731182796,2858.376572580645,14.842128651762447,2431.846406
47190555,202304,2857.6923333333334,288.51491666666664,3146.20725,14.370399189006534,2676.431722
47190555,202305,2794.7523553162855,301.75414535666215,3096.506500672948,14.536932242575137,2634.211065
47190555,202306,2448.9441805555557,271.9616805555556,2720.9058611111113,13.512422767959606,2314.796845
47190555,202307,2478.7215188172045,258.51001344086023,2737.231532258065,12.727148635454926,2328.555875
47190555,202308,2432.1998655913976,240.6335887096774,2672.833454301075,12.99614021945093,2273.857857
47190555,202309,2460.725763888889,246.49931944444447,2707.2250833333337,13.55999426428414,2303.17532
47190555,202310,2386.9147311827955,239.76280913978493,2626.6775403225806,16.78382200856427,2235.193483
47190555,202311,2282.0167083333336,226.1568472222222,2508.1735555555556,13.87752087807206,2134.02915
47190555,202312,2325.578467741935,225.1103763,2550.688844086021,13.238649688791751,2170.071315
47190555,202401,2355.904771505376,224.23432795698923,2580.1390994623653,12.679483552475435,2195.020157
47190555,202402,2343.370287356322,207.76724137931035,2551.1375287356323,12.889655536028119,2170.400348
47190555,202403,2219.1463575268817,205.67487903225805,2424.821237,14.26475256473991,2063.237764
47190555,202404,2265.724513888889,247.96018055555558,2513.6846944444446,16.220298167148997,2139.065035
47190555,202405,2280.240134408602,239.73431451612902,2519.974448924731,16.198541321335544,2144.408063
47190555,202406,2311.3725694444443,238.94581944444442,2550.318388888889,15.030763028093501,2170.025245
47190555,202407,2419.742741935484,262.1078225806452,2681.850564516129,14.14349771728831,2281.694504
47190555,202408,2454.2581317204304,224.53200268817204,2678.790134408602,13.71945521148358,2279.029533
47190555,202409,2447.668041666667,236.30840277777776,2683.9764444444445,13.819764232770856,2283.452942
47190555,202410,2411.965766129032,231.8754838709677,2643.84125,16.95135284940056,2249.807765
47190555,202411,2409.6243472222222,234.1875,2643.8118472222222,14.843757679797614,2249.466634
47190555,202412,2431.183051075269,214.4165322580645,2645.599583333333,14.004856801909309,2250.860374
47190565,202301,31112.91041666667,1861.6224462365592,32974.53286290323,25.942406245944895,28032.24429
47190565,202302,34276.94895522388,2255.8969402985076,36532.84589552239,25.676280356022403,31056.77045
47190565,202303,32150.590295698923,2345.6724059139783,34496.262701612904,29.07868085017012,29326.1851
47190565,202304,33321.48697222222,2092.913847222222,35414.40081944445,28.00120030339422,30106.44088
47190565,202305,34286.95890982503,2119.165921938089,36406.12483176312,27.235115648494308,30949.29137
47190565,202306,34376.450569444445,2152.8719444444446,36529.32251388889,26.72556956494601,31053.93297
47190565,202307,32813.95130376344,1998.050174731183,34812.001478494625,25.93385834772889,29594.09134
47190565,202308,34269.16856182796,2181.2044086021506,36450.37297043011,25.73015614767518,30986.67655
47190565,202309,33995.333013888885,2460.870013888889,36456.203027777774,26.716156295581076,30991.78
47190565,202310,34765.27219086022,2162.2539112903223,36927.52610215054,27.410086095480484,31392.5087
47190565,202311,35166.056416666666,2264.8257083333333,37430.88213,26.51626297725383,31820.22725
47190565,202312,34975.083803763446,2088.2228494623655,37063.30665322581,26.044837570047918,31507.71738
47190565,202401,32075.474166666667,2236.226935483871,34311.70110215054,24.75703857713368,29168.65949
47190565,202402,32148.060043103447,2258.9327586206896,34406.99280172414,25.230943315232558,29249.72852
47190565,202403,31354.943696236558,2398.441760752688,33753.38545698924,27.25461612553678,28694.46583
47190565,202404,32256.532666666666,2363.495277777778,34620.027944444446,28.22517900448025,29431.25753
47190565,202405,31628.858561827958,2305.3176747311827,33934.17623655914,27.628034077283097,28848.19401
47190565,202406,31554.314041666665,2261.949847222222,33816.26388888889,26.54338751743798,28747.80581
47190565,202407,31493.508951612905,2327.780362903226,33821.28931451613,26.29015421091821,28752.03944
47190565,202408,31499.93635752688,2145.5529973118278,33645.489354838704,25.65236576887974,28602.51381
47190565,202409,31166.334986111113,2281.400736111111,33447.73572222223,26.814163524743876,28434.59749
47190565,202410,31512.299637096774,2139.412002688172,33651.711639784946,30.200907426880086,28608.48503
47190565,202411,31755.947194444445,2198.947888888889,33954.89508333334,28.55708341596922,28865.94438
47190565,202412,31687.63122311828,1636.6686424731183,33324.29987,26.45196083978258,28329.62268
47190582,202301,11499.343387096775,964.8689919354839,12464.212379032258,20.43193423132431,10597.64531
47190582,202302,9407.758179104478,800.9750746268658,10208.733253731343,20.203127017700098,8680.453735
47190582,202303,8782.793024193548,811.2531720430107,9594.046196236559,20.64540974843818,8158.036078
47190582,202304,8984.797652777777,800.5544305555554,9785.352083333333,21.339590600207544,8320.750209
47190582,202305,8934.552409152087,762.9235800807537,9697.475989,20.51862182806836,8245.932384
47190582,202306,8890.685361111111,817.6738055555555,9708.359166666667,20.204423462841728,8255.135955
47190582,202307,9396.338508064515,934.5141801,10330.852688172043,20.007040033932594,8784.225841
47190582,202308,9447.703145,867.9563172043011,10315.659462365591,19.554495069033532,8771.243717
47190582,202309,9898.902166666667,1117.7621388888888,11016.664305555556,19.78431891371468,9367.132308
47190582,202310,11008.435094086022,949.7532795698926,11958.188373655914,20.902356816526517,10167.59547
47190582,202311,11315.382430555555,1010.7012638888889,12326.083694444444,20.52193115640599,10480.24943
47190582,202312,11644.221827956988,956.9720833333333,12601.193911290322,19.817213537363255,10713.98741
47190582,202401,12052.180268817203,1055.9400806451613,13108.120349462364,19.327781732293655,11144.80146
47190582,202402,12141.2992,989.0703879310345,13130.369583333335,19.42839621328136,11163.72841
47190582,202403,11500.674610215054,992.7949328,12493.469543010753,20.000050346985983,10622.44912
47190582,202404,11931.020999999999,1079.288486111111,13010.30948611111,20.325856464200882,11061.81194
47190582,202405,11651.43434139785,1046.9783602150537,12698.412701612902,20.35712812074803,10796.70437
47190582,202406,11780.9385,1050.0594166666667,12830.997916666667,19.984601606133715,10909.34592
47190582,202407,11679.597150537633,1154.5831720430108,12834.180322580643,19.73802556205728,10912.01398
47190582,202408,11528.434932795699,1128.242943548387,12656.677876344085,19.51078957,10761.10281
47190582,202409,11577.590944444444,1117.290375,12694.881319444445,20.214604805513897,10793.68131
47190582,202410,11751.284690860215,1078.3774865591397,12829.662177419355,23.71556648394675,10908.77019
47190582,202411,11654.076388888889,1096.1484027777778,12750.224791666667,21.57879582655308,10840.92789
47190582,202412,11754.770712365591,917.9532392473118,12672.723951612903,19.94746721440986,10774.80748
47190583,202301,12200.121532258065,812.4239650537635,13012.545497311829,16.04103261882572,11063.06983
47190583,202302,13009.306343283582,827.0497761,13836.356119402986,15.964505703422054,11763.29738
47190583,202303,12290.253938172043,859.3281451612903,13149.582083333335,17.627252394658612,11179.78886
47190583,202304,12826.338666666667,805.0955694444445,13631.43423611111,17.852739655253394,11589.39701
47190583,202305,12497.720794078063,773.8140107671602,13271.534804845223,16.990217683418436,11283.35312
47190583,202306,12188.907388888889,794.0308472222222,12982.938236111111,17.066770795984223,11038.05752
47190583,202307,12457.763413978495,880.4383467741935,13338.201760752689,16.36441068782146,11339.92616
47190583,202308,12210.361155913977,848.0613575268818,13058.422513440859,16.090176175222926,11102.07266
47190583,202309,11782.452833333333,892.4481388888889,12674.900972222222,16.61409624761501,10776.15794
47190583,202310,12161.469650537634,734.6059005376345,12896.075551075268,17.394668845315906,10964.27342
47190583,202311,11763.053736111111,757.1480416666666,12520.201777777778,17.254283114346592,10644.75965
47190583,202312,11877.69811827957,741.7076882,12619.405806451612,16.839250628381542,10729.02082
47190583,202401,11717.019811827957,808.8002150537634,12525.82002688172,15.561009807802261,10649.28117
47190583,202402,11674.992356321838,728.1312356321839,12403.123591954021,15.785821986201887,10545.02293
47190583,202403,11085.872163978494,719.9472715053764,11805.81943548387,17.02212696192017,10037.49984
47190583,202404,11248.70301388889,803.4856666666667,12052.188680555557,18.040452759343346,10247.06645
47190583,202405,10962.133991935485,768.5394354838709,11730.673427419355,17.370630459080186,9973.678008
47190583,202406,11068.877972222223,764.4421111,11833.320083333334,17.06598308940298,10060.88197
47190583,202407,11052.440161290324,878.3206451612904,11930.760806451613,16.785314606271193,10143.66448
47190583,202408,10895.570739247312,786.8016129032259,11682.372352150538,16.918739657084366,9932.55431
47190583,202409,10532.295847222222,805.9688055555556,11338.264652777778,17.64711798258781,9640.172023
47190583,202410,10707.265416666667,766.6393279569893,11473.904744623656,21.083263862251204,9755.981523
47190583,202411,10912.683291666666,876.8381527777777,11789.521444444445,18.98387558159573,10023.94081
47190583,202412,10966.454059139785,484.67545698924727,11451.129516129033,18.078589051657673,9736.171877
47190590,202301,4287.346034946237,766.6012634408602,5053.947298387096,16.62859872389387,4298.349493
47190590,202302,4257.453597014925,862.4697014925373,5119.923298507463,16.161305523368096,4354.359
47190590,202303,4137.753360215053,874.8636827956989,5012.617043010752,16.08766556351602,4263.137636
47190590,202304,4260.852083333333,828.828125,5089.680208333333,16.47294557511199,4328.699119
47190590,202305,4745.905087483176,901.3632301480485,5647.268317631225,16.49230366674807,4802.651916
47190590,202306,4598.1530555555555,961.3902499999999,5559.543305555555,16.110435945633313,4728.028375
47190590,202307,4434.266088709677,969.6196237,5403.885712365591,16.753833101529903,4595.81593
47190590,202308,4463.0515860215055,953.0539112903226,5416.105497311828,15.978655297048812,4606.086471
47190590,202309,4212.897222222222,946.7990972222221,5159.696319444444,16.491834174477287,4388.215647
47190590,202310,4522.666559139785,898.6480510752689,5421.314610215054,16.430640129860965,4610.582015
47190590,202311,4614.4698194444445,904.5374166666666,5519.007236111111,16.76564203040528,4693.670997
47190590,202312,4671.9063037634405,806.2678494623656,5478.174153225806,17.428694755351163,4659.062334
47190590,202401,5208.090336021505,864.6950537634409,6072.785389784946,15.916702480480895,5164.255087
47190590,202402,5203.713620689656,838.5060057471266,6042.219626436782,16.505793172319414,5138.362551
47190590,202403,4990.272231182796,826.9359005376344,5817.208132,16.391983255558607,4947.08571
47190590,202404,5281.009722222222,918.1639305555556,6199.1736527777775,16.45120486209838,5271.765286
47190590,202405,5257.463870967742,937.8916397849463,6195.355510752688,16.53992228763667,5268.533172
47190590,202406,5313.3050416666665,916.7360833333333,6230.041125,16.617521627963995,5298.027584
47190590,202407,5285.237096774194,1010.9479166666666,6296.1850134408605,16.43280325570261,5354.222182
47190590,202408,5435.755645161291,976.4945564516129,6412.250201612904,16.09989079456369,5452.827655
47190590,202409,5397.260513888888,917.3634027777778,6314.623916666666,16.70576326273852,5369.936194
47190590,202410,5472.611155913979,971.0663440860214,6443.677500000001,17.66643842813113,5479.775841
47190590,202411,5523.142930555556,985.8544583333332,6508.997388888889,16.903639894526798,5535.183327
47190590,202412,5720.053508064516,888.8020027,6608.855510752688,16.84747389,5620.054305
47190600,202301,870.2590725806451,74.43915322580645,944.6982258064515,6.014776583344126,803.8957084
47190600,202302,1019.9319552238807,77.43673134328358,1097.3686865671643,6.0528825980744365,933.671316
47190600,202303,914.0984677419355,79.57888440860215,993.6773521505376,6.867418347060494,845.6558621
47190600,202304,903.1343611,82.868125,986.0024861,6.749029957203994,839.1144677
47190600,202305,861.0960430686406,81.59582772543742,942.6918708,7.136414616497829,802.3585524
47190600,202306,1137.5957916666666,114.69454166666668,1252.2903333333334,6.667676991150443,1065.446935
47190600,202307,1162.5526075268817,115.24041666666666,1277.7930241935485,6.193081657775954,1087.053033
47190600,202308,1117.4915860215053,113.95500000000001,1231.4465860215053,6.317955778055903,1047.677291
47190600,202309,902.8015833333334,86.21397222222222,989.0155555555556,7.058220232088799,841.7219553
47190600,202310,893.9495295698924,79.98681451612903,973.9363440860214,7.2136338695597955,828.9279376
47190600,202311,893.789125,80.78655555555555,974.5756805555556,7.144242497,829.4609648
47190600,202312,921.6765994623656,75.43806451612903,997.1146639784947,7.338190614417029,848.648193
47190600,202401,1099.3304166666667,79.77174731182795,1179.1021639784947,6.5425747065101385,1003.218226
47190600,202402,1102.1462212643678,84.11415229885057,1186.2603735632183,6.857921604,1009.350006
47190600,202403,1035.873252688172,83.51009408602151,1119.3833467741936,7.755387695668001,952.6391529
47190600,202404,1041.2989305555554,85.01098611111112,1126.3099166666666,8.103860289643421,958.5790082
47190600,202405,1035.6724462365592,88.90362903225807,1124.5760752688172,7.733022357485662,957.0496173
47190600,202406,1048.6844999999998,92.12606944444445,1140.8105694444444,7.543377273925652,970.8204906
47190600,202407,979.8062231182795,97.91227150537634,1077.7184946236557,7.231517498962512,917.1454481
47190600,202408,990.1326612903225,95.20700268817204,1085.3396639784946,7.030963838,923.593359
47190600,202409,988.9570277777779,94.07537500000001,1083.0324027777779,7.874278336504485,921.7586841
47190600,202410,968.0713844086022,94.77319892473118,1062.8445833333333,9.507921842288903,904.8440841
47190600,202411,974.9150555555555,98.22433333333333,1073.1393888888888,8.658983823529413,913.4673281
47190600,202412,990.1164112903226,80.96344086021506,1071.0798521505376,8.229317906836055,911.652272
47190610,202301,5831.903225806452,2290.3298387096775,8122.233064516129,15.817485758573921,6906.270728
47190610,202302,7200.848343283582,2816.3916119402984,10017.23995522388,15.930716185884112,8517.043569
47190610,202303,6193.966720430108,2929.039946236559,9123.006666666666,17.196462602365788,7757.135136
47190610,202304,6739.737458333333,2702.0629583333334,9441.800416666667,16.233966800228963,8027.965449
47190610,202305,6651.44533,2771.212826379542,9422.658156123822,16.990855035042422,8011.808061
47190610,202306,6662.994819444444,2842.7175555555555,9505.712375,16.824533673890997,8082.379199
47190610,202307,6516.818467741936,2802.8932123655914,9319.711680107528,16.08453992764164,7924.167609
47190610,202308,6494.701465053763,2873.5808870967744,9368.282352150538,15.990241618624463,7965.438536
47190610,202309,6480.625083333332,2655.692791666667,9136.317874999999,16.326242287434162,7768.31913
47190610,202310,5908.675887096774,2621.1192204301074,8529.795107526881,16.983548917812225,7252.873374
47190610,202311,6584.813652777778,2912.750708333333,9497.564361111112,16.858875662391522,8075.458538
47190610,202312,6886.196223,2506.774758064516,9392.970981182796,15.718551184038784,7986.383117
47190610,202401,7883.469637096774,2972.3584811827955,10855.828118279569,15.79384592701806,9229.822977
47190610,202402,7808.057729885057,2754.067801724138,10562.125531609196,15.702824226723191,8980.162126
47190610,202403,7410.557513,2852.1644220430107,10262.72193548387,16.205691894637543,8725.744499
47190610,202404,7492.2538888888885,2961.6943888888886,10453.948277777778,16.99610530561361,8888.405452
47190610,202405,7377.731451612904,2867.4464381720427,10245.177889784947,16.82093276010318,8710.924346
47190610,202406,7439.005694444444,2910.047888888889,10349.053583333332,16.801421728094947,8799.215759
47190610,202407,7312.917083333333,2979.2140456989246,10292.131129032257,16.490011011321016,8750.784961
47190610,202408,7215.809180107527,2830.863870967742,10046.67305107527,16.135730503285288,8542.092453
47190610,202409,7040.788875,2711.911888888889,9752.700764,16.735567931890742,8292.305985
47190610,202410,7002.773077956989,2846.755632,9849.52871,19.250704804258476,8374.987009
47190610,202411,6955.066611111111,2620.6362222222224,9575.702833333333,17.87896150690307,8142.029253
47190610,202412,6924.042217741936,2430.285188172043,9354.327405913979,16.787554470596806,7953.696428
47190630,202301,2878.2772177419356,498.92176075268816,3377.1989784946236,16.042673500692132,2873.025533
47190630,202302,3202.110537313433,542.8386268656717,3744.9491641791046,15.624985388661603,3185.550537
47190630,202303,2996.103440860215,540.5102822580645,3536.6137231182793,16.876404481708462,3008.653125
47190630,202304,3085.7265416666664,513.5245833333333,3599.251125,16.16749562873379,3061.788581
47190630,202305,3055.861453566622,535.6324495289367,3591.493903095559,17.174279702879726,3055.34596
47190630,202306,3035.1274305555557,550.8604305555556,3585.987861111111,16.505262779236663,3050.565471
47190630,202307,2992.0368548387096,508.8132930107527,3500.8501478494622,17.08055354825131,2978.284709
47190630,202308,3039.005672043011,523.3187768817204,3562.3244489247318,16.419087596259626,3030.438645
47190630,202309,2887.0203333333334,700.2731944444445,3587.293527777778,16.955144691035684,3051.74277
47190630,202310,3519.463319892473,567.6228225806452,4087.0861424731183,17.860134076635383,3476.702241
47190630,202311,3839.5415,599.5719861111112,4439.113486111111,17.377084881602915,3775.853026
47190630,202312,3837.932782258064,562.4663440860215,4400.399126344086,17.340494528918573,3742.940332
47190630,202401,3871.0465456989245,540.8056048387097,4411.852150537634,15.148067082740246,3752.346538
47190630,202402,3724.68158,514.7351436781609,4239.416724137931,16.000720498806864,3605.904324
47190630,202403,3540.2391801075273,531.1041129032259,4071.3432930107533,17.384459139784944,3463.249468
47190630,202404,3657.2740416666666,568.24025,4225.514291666666,16.86673719168626,3594.217158
47190630,202405,3636.0750940860216,564.1371370967743,4200.212231182796,16.79092525422631,3572.699035
47190630,202406,3364.001083333333,565.1308194444445,3929.1319027777777,17.40573189465984,3342.372977
47190630,202407,3398.050215053763,581.1922043010753,3979.2424193548386,16.74405317746017,3384.867664
47190630,202408,3381.9357123655914,557.9360349462366,3939.871747311828,16.49689756739899,3351.36552
47190630,202409,3305.159236111111,538.8061527777778,3843.965388888889,16.953438831405965,3269.913596
47190630,202410,3332.2120161290327,553.5769758064516,3885.7889919354843,18.942217321291047,3305.761976
47190630,202411,3364.922305555556,557.2178194444444,3922.1401250000004,18.15136878814298,3336.541812
47190630,202412,3409.1188978494624,542.1880510752687,3951.306948924731,17.357162448026845,3361.214481
47190645,202301,20109.18915322581,1213.5207930107526,21322.709946236562,18.98786389842586,18127.15163
47190645,202302,24455.79761,1616.001686567164,26071.799298507463,18.62802279222383,22163.82361
47190645,202303,23215.545322580645,1608.3322983870967,24823.87762096774,19.66245703452777,21103.24535
47190645,202304,23550.224819444447,1547.376527777778,25097.601347222226,19.682319274262134,21335.91349
47190645,202305,23997.371493943472,1645.0274966352624,25642.398990578735,19.771008883642914,21799.00479
47190645,202306,23711.021305555554,1725.856847222222,25436.878152777776,19.88733853774768,21624.32953
47190645,202307,23741.62632,1696.744690860215,25438.371008064514,19.387878893280632,21625.52354
47190645,202308,23405.943978494623,1636.7567204301076,25042.70069892473,18.962800260287555,21289.14001
47190645,202309,21328.912583333335,1844.1180416666666,23173.03063,19.274110912783897,19699.96715
47190645,202310,22076.729583333334,1494.7145295698926,23571.444112903228,20.291986873508353,20038.77129
47190645,202311,22652.0395,1538.987708333333,24191.027208333333,19.76710955857013,20565.33819
47190645,202312,23025.75049731183,1572.2548118279572,24598.005309139786,19.398500831192383,20911.21429
47190645,202401,23264.376720430108,1624.3611155913977,24888.737836021504,18.211916489561194,21158.15895
47190645,202402,22502.443146551723,1642.9966091954022,24145.439755747124,18.281472429408634,20526.36601
47190645,202403,21460.27560483871,1738.4137096774193,23198.68931451613,18.97315915311291,19721.73189
47190645,202404,22578.858249999997,1686.8494166666667,24265.707666666665,19.704747573120542,20628.80723
47190645,202405,22186.259838709677,1641.9593548387097,23828.219193548386,19.550517697554092,20256.91889
47190645,202406,22092.551055555556,1681.426875,23773.977930555557,19.562225687119753,20210.81557
47190645,202407,21732.179287634408,1715.8022715053762,23447.981559139786,18.904263213055845,19933.61996
47190645,202408,21568.36625,1595.4549193548387,23163.821169354836,19.055129281900534,19692.10626
47190645,202409,21266.887138888887,1541.1551666666667,22808.042305555555,19.688955047676707,19389.7893
47190645,202410,21576.363266129032,1533.6781586021507,23110.041424731182,22.77800811829516,19646.95191
47190645,202411,21436.450263888888,1595.7227916666666,23032.173055555555,21.234197188970285,19580.53223
47190645,202412,21804.501357526882,1362.9168682795698,23167.418225806454,19.939393805829805,19695.2964
47190660,202301,8965.305833333334,912.2613172043011,9877.567150537634,20.68424283568292,8399.034714
47190660,202302,12624.824552238804,979.5509253731343,13604.375477611939,20.53533222378697,11566.79946
47190660,202303,12039.250268817203,943.1243010752688,12982.374569892472,21.668519945869615,11038.26866
47190660,202304,12287.325972222221,918.3674444444446,13205.693416666665,22.05941022717793,11228.14832
47190660,202305,11702.151870794078,903.7490982503364,12605.900969044415,22.108647138228942,10718.33212
47190660,202306,11740.486750000002,1005.7978888888889,12746.28463888889,21.71063028482421,10837.59854
47190660,202307,11904.64432795699,1011.6502553763441,12916.294583333334,21.369358785827252,10982.0558
47190660,202308,11460.221572580645,974.7253360215054,12434.94690860215,20.46748898429556,10572.775
47190660,202309,10997.57475,930.6660833333333,11928.240833333333,20.554903629987113,10142.08794
47190660,202310,10931.232970430108,1010.4982258064517,11941.73119623656,21.535727674146166,10153.70188
47190660,202311,12089.748208333334,1100.3896111111112,13190.137819444446,21.186687486734787,11214.79515
47190660,202312,11825.366182795698,997.1681989247312,12822.53438172043,20.94115131191905,10902.2954
47190660,202401,11739.164099462365,1053.8909811827957,12793.055080645161,19.349246545454545,10876.99921
47190660,202402,11627.973994252874,1035.6372988505746,12663.611293103448,20.255496880090984,10767.10792
47190660,202403,11220.263467741936,1063.8577956989247,12284.12126344086,21.486140283178486,10444.72599
47190660,202404,11461.966930555556,1060.2378194444443,12522.20475,21.719566227502646,10647.13197
47190660,202405,11386.247500000001,1050.1774059139784,12436.42490591398,21.801498802609487,10574.23139
47190660,202406,11331.062666666667,1063.947638888889,12395.010305555556,21.039439458086367,10538.91468
47190660,202407,11138.494610215053,1137.8472983870968,12276.34190860215,20.657155,10437.9892
47190660,202408,10892.880752688172,1081.0060483870968,11973.886801075269,20.293183268845144,10180.84776
47190660,202409,10710.4275,1063.2408333333333,11773.668333333333,20.50453310145611,10010.69376
47190660,202410,10694.190094086021,1123.856559139785,11818.046653225807,23.80207771197458,10048.90997
47190660,202411,10762.088541666666,1121.308625,11883.397166666666,22.237284133716965,10104.22318
47190660,202412,10790.932862903226,1022.0369758064517,11812.969838709678,20.68804706296579,10044.12757
47190670,202301,38498.89462365591,2299.5008064516132,40798.39543010753,23.339913353490683,34682.1371
47190670,202302,41205.988223880595,2415.5456119402984,43621.53383582089,22.596987647529506,37081.69331
47190670,202303,40701.21599462366,3000.182110215054,43701.398104838714,22.344500068017958,37149.54006
47190670,202304,40727.89820833333,2885.3019305555554,43613.20013888889,22.151740719588805,37074.54288
47190670,202305,40567.32335,2956.249421265141,43523.57277254375,22.523392766174222,36998.41537
47190670,202306,40290.85755555556,2969.433763888889,43260.29131944445,22.311144254615595,36774.59429
47190670,202307,40083.777715053766,3111.761411290323,43195.53912634409,21.501981544112706,36719.43355
47190670,202308,39389.766733870965,2916.5462365591397,42306.31297,21.79719754253308,35963.6356
47190670,202309,38353.419,2924.460611111111,41277.879611111115,21.656508659775117,35089.44615
47190670,202310,39108.33559139785,3033.938857526882,42142.274448924734,22.338673730684327,35824.28408
47190670,202311,39479.09372222222,3161.266763888889,42640.36048611111,22.313507369999765,36247.65344
47190670,202312,39353.63353494624,3049.517513,42403.151048387095,21.87391628491871,36045.95948
47190670,202401,39165.65018817204,2906.833010752688,42072.483198924725,21.60580679453542,35764.85159
47190670,202402,38024.675014367815,2636.7050862068963,40661.38010057471,22.709322677939532,34565.57948
47190670,202403,37155.74493,2756.0569489247314,39911.80188172043,21.587669077837933,33928.26975
47190670,202404,37644.053819444445,2766.2362361111113,40410.29005555555,22.510383929795694,34352.1231
47190670,202405,36797.24044354839,2704.702701612903,39501.94314516129,22.583632935662546,33580.03922
47190670,202406,36276.80918055555,2779.326375,39056.13555555555,22.12247700291779,33201.03359
47190670,202407,35200.62530913979,3022.2668279569893,38222.89213709678,21.910615870939612,32492.74491
47190670,202408,35176.41561827957,2793.5509677419354,37969.96659,21.996651702373544,32277.7711
47190670,202409,34327.49906944445,2767.1493055555557,37094.648375000004,22.42930953,31533.81552
47190670,202410,34934.041008064516,2930.679314516129,37864.720322580644,26.036210310612596,32188.91771
47190670,202411,35060.38509722222,3017.1200277777775,38077.505124999996,23.91354371652061,32369.46639
47190670,202412,35084.916774193545,2390.2850268817206,37475.201801075265,22.36608404,31857.27644
47190680,202301,20600.55932795699,7248.3645295698925,27848.923857526883,27.058901754890677,23675.64411
47190680,202302,19768.84453731343,9057.082059701494,28825.926597014924,28.471966779626207,24506.3084
47190680,202303,19214.026599462366,9569.093118,28783.119717741938,28.516902328698276,24469.9293
47190680,202304,20262.067305555556,9243.392916666668,29505.460222222224,27.525607436641153,25083.77003
47190680,202305,20032.626514131898,9344.743943,29377.37045760431,27.814868297932065,24974.93712
47190680,202306,20483.09063,9615.587583333334,30098.678208333335,27.620735514425167,25588.01959
47190680,202307,20327.61508064516,9008.326733870968,29335.941814516125,27.51572834506628,24939.6779
47190680,202308,20839.299059139787,9195.442163978494,30034.741223118283,27.007941851387475,25533.58123
47190680,202309,20198.594055555557,9196.96175,29395.55580555556,26.873844228964657,24990.25351
47190680,202310,20498.63684139785,9239.117338709677,29737.754180107528,27.688168866051615,25281.24428
47190680,202311,20889.69801388889,10091.758069444444,30981.456083333334,28.677049389861573,26338.53923
47190680,202312,20649.42122311828,8742.040309139786,29391.461532258065,27.68122245226593,24986.89449
47190680,202401,20924.038373655916,7809.462056451613,28733.500430107528,27.01909236259153,24427.52823
47190680,202402,20408.256135057472,7174.94625,27583.202385057473,27.021640615292863,23449.77527
47190680,202403,20247.498333333333,7720.6434543010755,27968.14178763441,26.753543014230274,23776.93355
47190680,202404,21198.87523611111,7908.820583333334,29107.695819444445,28.162333955402428,24745.7658
47190680,202405,20595.634072580644,7544.364623655914,28139.99869623656,27.681726720233083,23923.15115
47190680,202406,20409.087208333334,7458.572708333333,27867.659916666667,26.836368015414255,23691.53638
47190680,202407,20387.75697580645,8125.670255376344,28513.427231182795,27.08085698825333,24240.47528
47190680,202408,19861.76055107527,7470.144973,27331.90552419355,26.50490006,23236.09543
47190680,202409,19599.769930555554,7140.437902777778,26740.207833333334,26.99175965461619,22733.22542
47190680,202410,20420.737647849463,7731.255336021505,28151.99298387097,30.241812436974786,23933.73031
47190680,202411,20426.646,7434.576861111111,27861.222861111113,28.688868050108155,23686.34276
47190680,202412,20560.714206989247,6548.168212365592,27108.88241935484,27.662457496502505,23046.69943
47190690,202301,35666.887137096775,2953.805739247312,38620.69287634409,22.583077971713042,32830.97641
47190690,202302,37340.774253731346,4151.491253731344,41492.26550746269,22.207619157500705,35271.75682
47190690,202303,36552.85491935484,4740.287338709677,41293.142258064516,22.80787209274701,35102.5921
47190690,202304,37675.93020833333,3919.291777777778,41595.22198611111,22.792241284688252,35359.35752
47190690,202305,37150.10847913863,4085.0322341857336,41235.14071332436,22.99722751790198,35053.31919
47190690,202306,36976.751597222225,4197.171902777778,41173.923500000004,22.43181065454805,35001.19975
47190690,202307,35916.041626344086,3903.952755376344,39819.99438172043,21.47144365280375,33850.21594
47190690,202308,36029.12745967742,3917.602782258065,39946.73024193548,21.619860786148806,33957.96368
47190690,202309,35553.335041666665,4418.131805555556,39971.46684722222,22.386139306721223,33979.10474
47190690,202310,36962.057822580646,3892.341209677419,40854.399032258065,23.21439920624059,34729.72134
47190690,202311,37797.93072222223,4130.230777777778,41928.1615,22.99904524,35642.38713
47190690,202312,37253.70938172043,3587.3462231182793,40841.05560483871,21.739014331609287,34718.15812
47190690,202401,35852.21845430107,4221.756639784946,40073.97509408602,21.239856936846202,34066.06481
47190690,202402,35401.36379310345,4026.637801724138,39428.00159482758,22.053560386357642,33517.10939
47190690,202403,35489.79807795699,4838.464448924731,40328.26252688172,22.218291164305203,34282.35589
47190690,202404,36909.45976388889,4390.328388888889,41299.78815277778,23.45003621950386,35108.33744
47190690,202405,36312.15177419355,4207.917956989248,40520.06973,23.668449386600894,34445.60954
47190690,202406,33233.996166666664,4123.136625,37357.13279166666,23.07915260676216,31757.02475
47190690,202407,31528.090913978496,4149.988951612903,35678.07987,22.637033120821023,30329.76344
47190690,202408,34459.05008064516,4058.8700940860217,38517.92017473118,22.589569318384054,32743.62058
47190690,202409,34572.49369444445,4248.162611111111,38820.65630555556,23.279317478094736,33001.04976
47190690,202410,35721.618037634405,4048.9908467741934,39770.60888,26.49574909290819,33808.99191
47190690,202411,35718.65447222222,4130.593208333333,39849.24768055555,24.388453494399496,33875.5188
47190690,202412,35823.76639784946,3607.9826344086023,39431.74903225806,23.10132495054458,33520.45188
47190700,202301,4860.346303763441,5944.343844086022,10804.690147849462,26.558740645349403,9187.970437
47190700,202302,4988.782284,7507.817358208955,12496.599641791045,27.587012224037096,10626.24775
47190700,202303,4662.357069892473,7158.430913978495,11820.787983870967,27.925046585342425,10051.85854
47190700,202304,4896.163402777777,6994.588611111111,11890.752013888889,27.444413368038504,10111.25587
47190700,202305,5092.805921938088,6965.2246433378195,12058.030565275909,27.180507944036044,10253.40306
47190700,202306,5214.771013888889,7478.518319444445,12693.289333333334,26.971653185406026,10793.34168
47190700,202307,5288.263803763441,7075.726706989247,12363.990510752687,26.532792182568585,10513.37185
47190700,202308,5291.218494623656,7244.469422043011,12535.687916666666,26.350274653101195,10659.28727
47190700,202309,4878.465749999999,6940.342361111111,11818.80811111111,25.99643524532827,10049.88636
47190700,202310,4878.965632,7015.334005376344,11894.299637096774,26.536114307633294,10114.13511
47190700,202311,5037.437291666667,7648.143916666667,12685.581208333333,27.176176905995558,10786.82045
47190700,202312,4984.569301075269,6573.145416666667,11557.714717741936,25.489530272403503,9827.88094
47190700,202401,5358.8047983870965,7169.263373655915,12528.068172043011,25.05549689076616,10652.61627
47190700,202402,5306.743103448276,6606.933318965517,11913.676422413793,25.078654138491377,10130.38676
47190700,202403,5092.5810618279575,6666.391008064516,11758.972069892474,25.68384384677282,9998.978836
47190700,202404,5159.418333333334,6975.667347222223,12135.085680555556,26.467686335403727,10318.79298
47190700,202405,5203.514986559139,6745.602526881721,11949.11751344086,26.12384898103428,10160.66846
47190700,202406,5081.1357638888885,6627.923527777778,11709.059291666666,24.984647901089772,9956.448095
47190700,202407,5073.445107526882,7211.296774193548,12284.74188172043,25.363105246083972,10445.83507
47190700,202408,5035.811653225806,6663.477231182796,11699.288884408601,24.349882786652802,9948.048034
47190700,202409,4797.056611111111,6455.325472222222,11252.382083333334,24.48364950137339,9568.197318
47190700,202410,4996.420120967742,6932.883051075269,11929.303172043012,27.54945215854582,10144.04011
47190700,202411,4923.389583333334,6400.879166666667,11324.26875,26.237897006344173,9629.564122
47190700,202412,4912.523776881721,6305.154610215054,11217.678387096774,25.631420644005374,9538.871342
