dong_code,year_month,home_pop,work_pop,time_home_pop,time_work_pop,living_pop,time_pop,inflow_pop,total_demand_pop
4719025000,202301,5966107.12,284283.63,0,0,6250390.75,0,433682.77,4276499.987
4719025300,202301,12159010.31,630659.9,0,0,12789670.21,0,879616.44,8725400.841
4719025600,202301,8006195.35,1253626.67,0,0,9259822.02,0,957367.51,5950798.83
4719031000,202301,162491.45,4746.54,0,0,167237.99000000002,0,46359.39,119329.262
4719032000,202301,784305.11,58328.45,0,0,842633.5599999999,0,326445.84,593323.851
4719033000,202301,933359.37,53276.590000000004,0,0,986635.96,0,137272.97,677734.174
4719034000,202301,1875153.97,88080.48,0,0,1963234.45,0,168076.48,1347031.523
4719036000,202301,1510983.78,151033.15,0,0,1662016.93,0,178881.64,1105783.44
4719051000,202301,10050454.39,1164818.99,0,0,11215273.38,0,1141214.26,7382403.297
4719053500,202301,7483701.4,1248179.65,0,0,8731881.05,0,1118985.55,5600125.465
4719055100,202301,16850392.29,745181.49,0,0,17595573.779999997,0,637097.02,12008020.6
4719055500,202301,1706790.31,129919.22,0,0,1836709.53,0,265033.99,1247240.46
4719056500,202301,23148005.35,1385047.1,0,0,24533052.450000003,0,1199524.98,16600565.66
4719058200,202301,8555511.48,717862.53,0,0,9273374.01,0,594610.15,6191891.557
4719058300,202301,9076890.42,604443.43,0,0,9681333.85,0,344240.56,6509136.036
4719059000,202301,3189785.45,570351.34,0,0,3760136.79,0,476924.84,2394612.567
4719060000,202301,647472.75,55382.73,0,0,702855.48,0,46440.09,468951.48
4719061000,202301,4338936,1704005.4,0,0,6042941.4,0,408170.22,3418873.302
4719063000,202301,2141438.25,371197.79,0,0,2512636.04,0,428804.62,1616126.795
4719064500,202301,14961236.73,902859.47,0,0,15864096.200000001,0,586231.31,10712060.74
4719066000,202301,6670187.54,678722.42,0,0,7348909.96,0,716005.75,4876476.337
4719067000,202301,28643177.6,1710828.6,0,0,30354006.200000003,0,1034378.28,20495827.87
4719068000,202301,15326816.14,5392783.21,0,0,20719599.35,0,1128680.91,11920196.03
4719069000,202301,26536164.03,2197631.47,0,0,28733795.5,0,927690.26,19107610.14
4719070000,202301,3616097.65,4422591.82,0,0,8038689.470000001,0,1093051.53,3525091.872
4719025000,202302,5641369.38,256312.91,0,0,5897682.29,0,400133.3,4040234.478
4719025300,202302,11263870.32,533848.26,0,0,11797718.58,0,802204.87,8071699.363
4719025600,202302,7909324.21,1329514.28,0,0,9238838.49,0,922403.86,5894670.189
4719031000,202302,846929.28,23045.23,0,0,869974.51,0,40051.9,601464.732
4719032000,202302,737030.14,42267.16,0,0,779297.3,0,261663,550540.83
4719033000,202302,944957.48,55358.79,0,0,1000316.27,0,121379.11,684679.905
4719034000,202302,1690172.21,79750.43000000001,0,0,1769922.64,0,161969.24,1215267.557
4719036000,202302,1377780.68,155592.61,0,0,1533373.29,0,170636.75,1012628.673
4719051000,202302,10158507.61,1233742.49,0,0,11392250.1,0,1033689.55,7461072.78
4719053500,202302,6372652.17,1422057.19,0,0,7794709.359999999,0,1036116.22,4848879.579
4719055100,202302,14206835.46,544789.21,0,0,14751624.670000002,0,566711.86,10110413.85
4719055500,202302,1844490.17,148455.59,0,0,1992945.76,0,260298.55,1346864.092
4719056500,202302,22965555.8,1511450.95,0,0,24477006.75,0,1104876.02,16488666.85
4719058200,202302,6303197.98,536653.3,0,0,6839851.28,0,544454.07,4574014.653
4719058300,202302,8716235.25,554123.35,0,0,9270358.6,0,310701.21,6243259.466
4719059000,202302,2852493.91,577854.7,0,0,3430348.6100000003,0,418416.2,2154158.297
4719060000,202302,683354.41,51882.61,0,0,735237.02,0,42122.01,492936.81
4719061000,202302,4824568.39,1886982.38,0,0,6711550.77,0,383261.17,3792920.466
4719063000,202302,2145414.06,363701.88,0,0,2509115.94,0,374280.9,1611958.308
4719064500,202302,16385384.4,1082721.13,0,0,17468105.53,0,527974.05,11739110.71
4719066000,202302,8458632.45,656299.12,0,0,9114931.569999998,0,641605.92,6116463.131
4719067000,202302,27608012.11,1618415.56,0,0,29226427.669999998,0,903698.73,19739661.46
4719068000,202302,13245125.84,6068244.98,0,0,19313370.82,0,1109040.05,10596141.09
4719069000,202302,25018318.75,2781499.14,0,0,27799817.89,0,866163.77,18155739.33
4719070000,202302,3342484.13,5030237.63,0,0,8372721.76,0,1047147.81,3450501.198
4719025000,202303,5987459.06,316706.04,0,0,6304165.1,0,455002.74,4300062.824
4719025300,202303,12273516.01,660746.68,0,0,12934262.69,0,936998.73,8817310.416
4719025600,202303,8660469.25,1649022.27,0,0,10309491.52,0,1080673.83,6500200.312
4719031000,202303,900216.33,22742.81,0,0,922959.14,0,48942.42,639594.235
4719032000,202303,779893.93,59271.78,0,0,839165.7100000001,0,272460.82,585026.189
4719033000,202303,1013174.68,72035.76,0,0,1085210.44,0,145263.81,738155.809
4719034000,202303,1800648.97,94208.83,0,0,1894857.8,0,199472.2,1299243.265
4719036000,202303,1434572.62,177989.85,0,0,1612562.4700000002,0,204057.25,1060204.529
4719051000,202303,10135237.32,1307524.55,0,0,11442761.870000001,0,1115640.1,7467735.044
4719053500,202303,6471705.56,1534670.12,0,0,8006375.68,0,1169524.31,4954080.347
4719055100,202303,15302537.42,729501.97,0,0,16032039.39,0,659493.62,10923625.95
4719055500,202303,1917711.41,208920.76,0,0,2126632.17,0,324641.88,1416646.327
4719056500,202303,23920039.18,1745180.27,0,0,25665219.45,0,1384552.31,17231518.71
4719058200,202303,6534398.01,603572.36,0,0,7137970.37,0,617979.05,4756590.984
4719058300,202303,9143948.93,639340.14,0,0,9783289.07,0,373574.36,6565989.715
4719059000,202303,3078488.5,650898.58,0,0,3729387.08,0,442362.54,2329357.92
4719060000,202303,680089.26,59206.69,0,0,739295.95,0,48360.36,492739.856
4719061000,202303,4608311.24,2179205.7199999997,0,0,6787516.96,0,472472.81,3708906.293
4719063000,202303,2229100.96,402139.65,0,0,2631240.61,0,448861.73,1685684.775
4719064500,202303,17272365.72,1196599.23,0,0,18468964.95,0,632678.88,12393243.74
4719066000,202303,8957202.2,701684.48,0,0,9658886.68,0,736556.33,6484034.069
4719067000,202303,30281704.7,2232135.49,0,0,32513840.189999998,0,985526.52,21742173.04
4719068000,202303,14295235.790000001,7119405.28,0,0,21414641.07,0,1191521.73,11549698.28
4719069000,202303,27195324.06,3526773.78,0,0,30722097.84,0,960051.76,19838086.77
4719070000,202303,3468793.66,5325872.6,0,0,8794666.26,0,1162910.64,3609621.146
4719025000,202304,5889325.6,320781.41,0,0,6210107.01,0,484748.52,4235159.054
4719025300,202304,11786856.79,602733.8099999999,0,0,12389590.6,0,948371.48,8466183.663
4719025600,202304,8602302.09,1563717.97,0,0,10166020.06,0,1077191.62,6442074.219
4719031000,202304,859897.27,31002.04,0,0,890899.31,0,54796.5,613608.147
4719032000,202304,764082.6900000001,53525.27,0,0,817607.9600000001,0,315076.72,577070.609
4719033000,202304,983262.4400000001,61829.95,0,0,1045092.39,0,157755.66,716425.264
4719034000,202304,1782517.44,94768.62,0,0,1877286.06,0,198445,1286560.432
4719036000,202304,1414498.88,170861.68,0,0,1585360.5599999998,0,210831.96,1045404.748
4719051000,202304,10353453.42,1384470,0,0,11737923.42,0,1216389.72,7645950.366
4719053500,202304,6032589.18,1280683.63,0,0,7313272.81,0,1134936.1,4592442.762
4719055100,202304,15035505.91,616660.52,0,0,15652166.43,0,676933.19,10715879.56
4719055500,202304,2057538.48,207730.74,0,0,2265269.2199999997,0,318951.01,1513718.185
4719056500,202304,23991470.62,1506897.97,0,0,25498368.59,0,1329020.97,17228311.13
4719058200,202304,6469054.31,576399.19,0,0,7045453.5,0,637477.59,4707365.614
4719058300,202304,9234963.84,579668.81,0,0,9814632.65,0,380102.68,6618418.718
4719059000,202304,3067813.5,596756.25,0,0,3664569.75,0,467024.48,2313523.148
4719060000,202304,650256.74,59665.05,0,0,709921.79,0,52041.77,472316.905
4719061000,202304,4852610.97,1945485.33,0,0,6798096.3,0,425411.1,3828465.855
4719063000,202304,2221723.11,369737.7,0,0,2591460.81,0,443830.09,1673536.726
4719064500,202304,16956161.87,1114111.1,0,0,18070272.970000003,0,624854.59,12154620.99
4719066000,202304,8846874.7,661224.56,0,0,9508099.26,0,793322.57,6404389.459
4719067000,202304,29324086.71,2077417.39,0,0,31401504.1,0,969692.45,21039313.42
4719068000,202304,14588688.46,6655242.9,0,0,21243931.36,0,1157782.1,11658908.71
4719069000,202304,27126669.75,2821890.08,0,0,29948559.83,0,955200.04,19648566.85
4719070000,202304,3525237.65,5036103.8,0,0,8561341.45,0,1117646.29,3586651.744
4719025000,202305,6087217.45,340926.62,0,0,6428144.07,0,489728.3,4378210.369
4719025300,202305,12262738.89,619125.23,0,0,12881864.120000001,0,976943.44,8805436.613
4719025600,202305,8856690.53,1629602.17,0,0,10486292.7,0,1135047.8,6639108.585
4719031000,202305,574131.63,21532.51,0,0,595664.14,0,56557.14,411854.357
4719032000,202305,787673.53,58626.61,0,0,846300.14,0,354760.84,598572.877
4719033000,202305,1060287.18,66811.97,0,0,1127099.15,0,165461.59,772109.579
4719034000,202305,1850523.68,93362.9,0,0,1943886.5799999998,0,202677.72,1334306.928
4719036000,202305,1470865.3599999999,183813.09,0,0,1654678.45,0,218693.67,1088237.737
4719051000,202305,10889584.66,1352602.43,0,0,12242187.09,0,1124645.9,8005694.338
4719053500,202305,6785949.9399999995,1502383.5,0,0,8288333.4399999995,0,1197910.74,5170432.732
4719055100,202305,15521104.68,665030.81,0,0,16186135.49,0,703392.85,11068118.72
4719055500,202305,2076501,224203.33,0,0,2300704.33,0,326964.68,1531087.834
4719056500,202305,25475210.47,1574540.28,0,0,27049750.75,0,1325859.9,18280141.38
4719058200,202305,6638372.44,566852.22,0,0,7205224.66,0,633943.34,4823625.486
4719058300,202305,9285806.55,574943.81,0,0,9860750.360000001,0,379323.6,6652985.707
4719059000,202305,3526207.48,669712.88,0,0,4195920.36,0,472718.9,2649559.702
4719060000,202305,639794.36,60625.7,0,0,700420.0599999999,0,59175.15,465898.707
4719061000,202305,4942023.88,2059011.13,0,0,7001035.01,0,460622.08,3917281.15
4719063000,202305,2270505.06,397974.91,0,0,2668479.97,0,469355.89,1715884.113
4719064500,202305,17830047.02,1222255.43,0,0,19052302.45,0,636507.86,12789134.79
4719066000,202305,8694698.84,671485.58,0,0,9366184.42,0,818904.29,6302476.733
4719067000,202305,30141521.25,2196493.32,0,0,32338014.57,0,1016908.66,21640054.41
4719068000,202305,14884241.5,6943144.75,0,0,21827386.25,0,1189029.99,11926501
4719069000,202305,27602530.6,3035178.95,0,0,30637709.55,0,989156.75,20027722.89
4719070000,202305,3783954.8,5175161.91,0,0,8959116.71,0,1146202.02,3798420.944
4719025000,202306,5845299.23,319465.7,0,0,6164764.930000001,0,455056.98,4201108.299
4719025300,202306,11646306.03,623959.61,0,0,12270265.639999999,0,945450.94,8371751.237
4719025600,202306,8560421.04,1545517.85,0,0,10105938.889999999,0,1075792.45,6408977.543
4719031000,202306,873886.64,31813.66,0,0,905700.3,0,50574.37,623140.817
4719032000,202306,794480.08,51888.2,0,0,846368.2799999999,0,298890.38,596402.734
4719033000,202306,1037777.59,64487.54,0,0,1102265.13,0,151537.29,754495.55
4719034000,202306,1801803.41,89298.88,0,0,1891102.29,0,190029.2,1298125.083
4719036000,202306,1455556.42,181157.72,0,0,1636714.14,0,203063.83,1075427.421
4719051000,202306,10319781.74,1406510.99,0,0,11726292.73,0,1053679.41,7610517.357
4719053500,202306,6619443.25,1479333.42,0,0,8098776.67,0,1159842.9,5045461.249
4719055100,202306,14959677.93,641348.16,0,0,15601026.09,0,652884.04,10665332.59
4719055500,202306,1763239.81,195812.41,0,0,1959052.22,0,294368.13,1302867.162
4719056500,202306,24751044.41,1550067.8,0,0,26301112.21,0,1284511.05,17764195.75
4719058200,202306,6401293.46,588725.14,0,0,6990018.6,0,614153.86,4660065.836
4719058300,202306,8776013.32,571702.21,0,0,9347715.530000001,0,380793.79,6295629.145
4719059000,202306,3310670.2,692200.98,0,0,4002871.18,0,445679.1,2500477.246
4719060000,202306,819068.97,82580.07,0,0,901649.04,0,51234.43,594987.736
4719061000,202306,4797356.27,2046756.64,0,0,6844112.909999999,0,447919.56,3812292.673
4719063000,202306,2185291.75,396619.51,0,0,2581911.26,0,458829.8,1654911.107
4719064500,202306,17071935.34,1242616.93,0,0,18314552.27,0,634326.55,12262310.78
4719066000,202306,8453150.46,724174.48,0,0,9177324.940000001,0,780540.58,6140094.276
4719067000,202306,29009417.44,2137992.31,0,0,31147409.75,0,971605.71,20831351.24
4719068000,202306,14747825.25,6923223.0600000005,0,0,21671048.310000002,0,1143111.76,11822433.46
4719069000,202306,26623261.150000002,3021963.77,0,0,29645224.92,0,942786.57,19334954.22
4719070000,202306,3754635.13,5384533.19,0,0,9139168.32,0,1103707.02,3815521.931
4719025000,202307,6058017.4399999995,338759.22000000003,0,0,6396776.659999999,0,443685.34,4352732.586
4719025300,202307,11914688.43,624134.87,0,0,12538823.299999999,0,921678.23,8557276.698
4719025600,202307,8541780.56,1539426.98,0,0,10081207.540000001,0,1040552.3,6391187.018
4719031000,202307,945945.57,29901.73,0,0,975847.2999999999,0,48469.77,672989.222
4719032000,202307,822858.11,58724.479999999996,0,0,881582.59,0,318728.91,619618.464
4719033000,202307,1079718.04,62564.25,0,0,1142282.29,0,145912.05,782906.683
4719034000,202307,1876291.1099999999,86717.16,0,0,1963008.2699999998,0,176305.97,1348377.806
4719036000,202307,1502366.48,158775.7,0,0,1661142.18,0,200103.18,1103421.994
4719051000,202307,10531764.21,1434748.03,0,0,11966512.24,0,1053719.1,7764556.463
4719053500,202307,6811588.39,1455907.59,0,0,8267495.9799999995,0,1169127.85,5176206.176
4719055100,202307,15665084.86,704086.6900000001,0,0,16369171.549999999,0,651745.09,11171551.25
4719055500,202307,1844168.81,192331.45,0,0,2036500.26,0,273748.24,1356759.281
4719056500,202307,24413579.77,1486549.33,0,0,25900129.1,0,1276075.5,17514423.26
4719058200,202307,6990875.85,695278.55,0,0,7686154.399999999,0,613195.77,5093988.382
4719058300,202307,9268575.98,655046.13,0,0,9923622.110000001,0,375432.31,6656555.643
4719059000,202307,3299093.9699999997,721397,0,0,4020490.9699999997,0,481840.24,2501829.203
4719060000,202307,864939.14,85738.87,0,0,950678.01,0,45277.62,627132.934
4719061000,202307,4848512.94,2085352.55,0,0,6933865.49,0,431242.6,3854153.828
4719063000,202307,2226075.42,378557.09,0,0,2604632.51,0,486915.34,1682655.746
4719064500,202307,17663769.98,1262378.05,0,0,18926148.03,0,613141.67,12678428.76
4719066000,202307,8857055.38,752667.79,0,0,9609723.170000002,0,770173.06,6427489.63
4719067000,202307,29822330.62,2315150.49,0,0,32137481.11,0,959998.97,21434661.43
4719068000,202307,15123745.62,6702195.09,0,0,21825940.71,0,1168675.53,12043928.51
4719069000,202307,26721534.97,2904540.85,0,0,29626075.82,0,907104.08,19376693.06
4719070000,202307,3934468.27,5264340.67,0,0,9198808.94,0,1092885.71,3916284.494
4719025000,202308,5914278.98,343254.48,0,0,6257533.460000001,0,455625.58,4254208.74
4719025300,202308,11592621.85,557787.04,0,0,12150408.89,0,906095.18,8317002.221
4719025600,202308,8466898.55,1499435.01,0,0,9966333.56,0,1036298.12,6330345.799
4719031000,202308,932286.97,30903.63,0,0,963190.6,0,47828.38,663564.443
4719032000,202308,791836.1,53508.92,0,0,845345.02,0,332622.55,598249.309
4719033000,202308,1059778.69,62098.8,0,0,1121877.49,0,143457.03,768610.546
4719034000,202308,1859036.88,91557.63,0,0,1950594.5099999998,0,174748.97,1337112.239
4719036000,202308,1493193.04,168610.49,0,0,1661803.53,0,197132.73,1098670.499
4719051000,202308,10351187.52,1427239.31,0,0,11778426.83,0,988217.07,7630100.833
4719053500,202308,6884238.99,1462425.47,0,0,8346664.46,0,1172574.25,5228709.812
4719055100,202308,15466884.209999999,664880.21,0,0,16131764.419999998,0,646416.15,11024436.6
4719055500,202308,1809556.7,179031.38999999998,0,0,1988588.0899999999,0,294921.41,1331988.109
4719056500,202308,25496261.41,1622816.08,0,0,27119077.490000002,0,1257278.35,18297674.04
4719058200,202308,7029091.14,645759.5,0,0,7674850.64,0,594847.74,5109000.472
4719058300,202308,9084508.7,630957.65,0,0,9715466.35,0,371715.25,6522519.145
4719059000,202308,3320510.38,709072.11,0,0,4029582.4899999998,0,455343.74,2511706.062
4719060000,202308,831413.74,84782.52,0,0,916196.26,0,45432.42,603489.364
4719061000,202308,4832057.89,2137944.18,0,0,6970002.07,0,435462.25,3853575.584
4719063000,202308,2261020.22,389349.17,0,0,2650369.39,0,477598.42,1708343.83
4719064500,202308,17414022.32,1217747,0,0,18631769.32,0,611967.49,12494561.77
4719066000,202308,8526404.85,725195.65,0,0,9251600.5,0,724630.98,6185985.623
4719067000,202308,29305986.45,2169910.4,0,0,31475896.849999998,0,968580.27,21045030.62
4719068000,202308,15504438.5,6841408.97,0,0,22345847.47,0,1141652.71,12335554.02
4719069000,202308,26805670.83,2914696.47,0,0,29720367.299999997,0,924032.85,19439312.16
4719070000,202308,3936666.56,5389885.25,0,0,9326551.81,0,1103312.35,3943974.877
4719025000,202309,5376506.99,277708.23,0,0,5654215.220000001,0,532733.99,3872369.938
4719025300,202309,11019696.83,570305.09,0,0,11590001.92,0,969033.08,7924752.107
4719025600,202309,7711912.34,1438427.3599999999,0,0,9150339.7,0,1045823.02,5790606.412
4719031000,202309,854748.48,29731.87,0,0,884480.35,0,61029.1,610373.22
4719032000,202309,755788.37,50471.92,0,0,806260.29,0,402969.64,579443.207
4719033000,202309,987414.8200000001,53684.54,0,0,1041099.3600000001,0,176485.85,719575.867
4719034000,202309,1780383.98,92751.93000000001,0,0,1873135.91,0,207695.9,1285588.762
4719036000,202309,1381658.21,157866.65,0,0,1539524.8599999999,0,246611.35,1023395.212
4719051000,202309,8847351.52,1258584.3699999999,0,0,10105935.889999999,0,832278.86,6528090.824
4719053500,202309,6085521.19,1275692.96,0,0,7361214.15,0,1152114.18,4630214.843
4719055100,202309,14821292.77,823591.83,0,0,15644884.6,0,666202.61,10606243.57
4719055500,202309,1771722.55,177479.51,0,0,1949202.06,0,307337.27,1306435.414
4719056500,202309,24476639.77,1771826.41,0,0,26248466.18,0,1300462.34,17618059.36
4719058200,202309,7127209.56,804788.74,0,0,7931998.3,0,595923.47,5209596.787
4719058300,202309,8483366.04,642562.66,0,0,9125928.7,0,391843.46,6106053.106
4719059000,202309,3033286,681695.35,0,0,3714981.35,0,457483.48,2305387.618
4719060000,202309,650017.14,62074.06,0,0,712091.2,0,55957.57,473022.567
4719061000,202309,4666050.06,1912098.81,0,0,6578148.869999999,0,433951.52,3692049.956
4719063000,202309,2078654.6400000001,504196.7,0,0,2582851.3400000003,0,467555.07,1602653.095
4719064500,202309,15356817.06,1327764.99,0,0,16684582.05,0,626292.96,11077954.24
4719066000,202309,7918253.82,670079.58,0,0,8588333.4,0,685732.14,5745366.804
4719067000,202309,27614461.68,2105611.64,0,0,29720073.32,0,955311.91,19846776.7
4719068000,202309,14542987.72,6621812.46,0,0,21164800.18,0,1116903.84,11616144.28
4719069000,202309,25598401.23,3181054.9,0,0,28779456.13,0,962895.01,18651381.34
4719070000,202309,3512495.34,4997046.5,0,0,8509541.84,0,1040585.31,3562214.569
4719025000,202310,5743237.71,291004.43,0,0,6034242.14,0,493652.63,4127832.546
4719025300,202310,11337045.98,537203.17,0,0,11874249.15,0,1003445.27,8143717.347
4719025600,202310,7923040.18,1443415.49,0,0,9366455.67,0,1094798.36,5944291.06
4719031000,202310,909499.73,33193.909999999996,0,0,942693.64,0,57511.79,649039.772
4719032000,202310,782025.61,49282.6,0,0,831308.21,0,370987.42,594373.189
4719033000,202310,963859.5599999999,51731.36,0,0,1015590.9199999999,0,160926.03,701140.567
4719034000,202310,1811004.72,84973.98,0,0,1895978.7,0,216235.63,1306321.663
4719036000,202310,1420836.24,157399.27,0,0,1578235.51,0,225966.24,1048661.846
4719051000,202310,10563622.75,1459053.03,0,0,12022675.78,0,912868.25,7777633.356
4719053500,202310,6791118.39,1420700.78,0,0,8211819.17,0,1220544.4,5159977.469
4719055100,202310,16307780.84,597191.38,0,0,16904972.22,0,661931.25,11601077.99
4719055500,202310,1775864.56,178383.53,0,0,1954248.09,0,415466.73,1320328.571
4719056500,202310,25865362.51,1608716.91,0,0,27474079.42,0,1378535.46,18565350.69
4719058200,202310,8190275.71,706616.4400000001,0,0,8896892.15,0,631376.59,5937653.944
4719058300,202310,9048133.42,546546.79,0,0,9594680.21,0,399207.65,6482923.517
4719059000,202310,3364863.92,668594.15,0,0,4033458.07,0,465611.48,2535684.722
4719060000,202310,665098.45,59510.19,0,0,724608.6399999999,0,57846.13,483255.566
4719061000,202310,4396054.86,1950112.7,0,0,6346167.5600000005,0,464534.03,3513714.345
4719063000,202310,2618480.71,422311.38,0,0,3040792.09,0,506191.92,1968017.965
4719064500,202310,16425086.81,1112067.61,0,0,17537154.42,0,680187.4,11787993.03
4719066000,202310,8132837.33,751810.68,0,0,8884648.01,0,716945.91,5915042.858
4719067000,202310,29096601.68,2257250.5100000002,0,0,31353852.19,0,1011941.92,20920265.47
4719068000,202310,15250985.81,6873903.3,0,0,22124889.11,0,1185468.95,12169017.62
4719069000,202310,27499771.02,2895901.86,0,0,30395672.88,0,1017765.69,19930796.66
4719070000,202310,3629950.43,5219408.5,0,0,8849358.93,0,1106874.4,3695534.441
4719025000,202311,5530255.24,305574.11,0,0,5835829.350000001,0,460551.36,3978348.626
4719025300,202311,10760066.37,554347.97,0,0,11314414.34,0,928464.99,7735762.552
4719025600,202311,7560420.93,1450840.01,0,0,9011260.94,0,1082745.95,5690737.248
4719031000,202311,859113.85,25763.22,0,0,884877.07,0,52548.68,611787.207
4719032000,202311,755260.0700000001,54532.33,0,0,809792.4,0,299007.53,569489.268
4719033000,202311,944335.8,54360.36,0,0,998696.16,0,137339.45,685641.077
4719034000,202311,1742836.79,93603.96,0,0,1836440.75,0,190568.55,1257763.4
4719036000,202311,1362335.54,156117.09,0,0,1518452.6300000001,0,209486.66,1005806.962
4719051000,202311,10429400.35,1504992.18,0,0,11934392.53,0,851866.94,7686765.375
4719053500,202311,6825763.43,1432514.29,0,0,8258277.72,0,1187938.79,5183331.138
4719055100,202311,15393579.77,603774.14,0,0,15997353.91,0,649867.38,10961247.41
4719055500,202311,1643052.03,162832.93,0,0,1805884.96,0,290803.45,1211783.352
4719056500,202311,25319560.62,1630674.51,0,0,26950235.130000003,0,1243851.38,18174212.47
4719058200,202311,8147075.35,727704.91,0,0,8874780.26,0,592016.67,5907695.394
4719058300,202311,8469398.69,545146.59,0,0,9014545.28,0,388704.49,6076478.85
4719059000,202311,3322418.27,651266.94,0,0,3973685.21,0,462077.86,2502153.963
4719060000,202311,643528.17,58166.32,0,0,701694.49,0,59511.54,468054.137
4719061000,202311,4741065.83,2097180.51,0,0,6838246.34,0,439038.84,3782086.067
4719063000,202311,2764469.88,431691.83,0,0,3196161.71,0,477000.98,2069167.38
4719064500,202311,16309468.44,1108071.15,0,0,17417539.59,0,630946.37,11701336.78
4719066000,202311,8704618.71,792280.52,0,0,9496899.23,0,698758.14,6321565.015
4719067000,202311,28424947.48,2276112.07,0,0,30701059.55,0,952184.3,20447904.08
4719068000,202311,15040582.57,7266065.81,0,0,22306648.38,0,1189122.53,12100533.21
4719069000,202311,27214510.12,2973766.16,0,0,30188276.28,0,984267.14,19743337.03
4719070000,202311,3626954.85,5506663.62,0,0,9133618.47,0,1101450.45,3750346.164
4719025000,202312,5690047.84,276195.97000000003,0,0,5966243.81,0,438661.85,4082138.867
4719025300,202312,11188014.21,538707.78,0,0,11726721.99,0,922493.2,8031600.823
4719025600,202312,7600995.32,1321540.25,0,0,8922535.57,0,1005279.28,5685532.702
4719031000,202312,886288.25,24434.86,0,0,910723.11,0,42101.2,629498.867
4719032000,202312,781130.66,47299.46,0,0,828430.12,0,282106.65,584462.019
4719033000,202312,969941.66,47774.25,0,0,1017715.91,0,122619.78,700775.99
4719034000,202312,1787487.14,76319.78,0,0,1863806.92,0,175891.35,1284094.089
4719036000,202312,1371828,135623.02,0,0,1507451.02,0,186198.57,1006024.061
4719051000,202312,10837040.31,1419460.21,0,0,12256500.52,0,883818.87,7958202.146
4719053500,202312,7172154.6,1356820.64,0,0,8528975.24,0,1281002.25,5419972.573
4719055100,202312,16571469.83,598264.46,0,0,17169734.29,0,670199.91,11786701.76
4719055500,202312,1730230.38,167482.12,0,0,1897712.5,0,278633.86,1272521.076
4719056500,202312,26021462.35,1553637.8,0,0,27575100.150000002,0,1282760.34,18654027.24
4719058200,202312,8663301.04,711987.23,0,0,9375288.27,0,599609.43,6266669.117
4719058300,202312,8837007.4,551830.52,0,0,9388837.92,0,395267.73,6335798.057
4719059000,202312,3475898.29,599863.28,0,0,4075761.5700000003,0,515418.79,2604643.338
4719060000,202312,685727.39,56125.92,0,0,741853.31,0,60672.16,497301.573
4719061000,202312,5123329.99,1865040.42,0,0,6988370.41,0,421492.95,4001488.372
4719063000,202312,2855421.9899999998,418474.96,0,0,3273896.9499999997,0,488100.24,2131300.409
4719064500,202312,17131158.37,1169757.58,0,0,18300915.950000003,0,641799.4,12289942.32
4719066000,202312,8798072.44,741893.14,0,0,9539965.58,0,711915.38,6378220.874
4719067000,202312,29279103.35,2268841.03,0,0,31547944.380000003,0,974089.24,21046549.48
4719068000,202312,15363169.39,6504077.99,0,0,21867247.380000003,0,1203302.74,12175364.45
4719069000,202312,27716759.78,2668985.59,0,0,30385745.37,0,954103.6,20030939.32
4719070000,202312,3708519.56,4890420.19,0,0,8598939.75,0,1059242.92,3679972.022
47190253,202401,0,0,0,0,0,0,436123.24,43612.324
47190310,202401,0,0,0,0,0,0,1000579.96,100057.996
47190330,202401,0,0,0,0,0,0,271005.13,27100.513
47190360,202401,0,0,0,0,0,0,177900.12,17790.012
47190535,202401,0,0,0,0,0,0,851790.81,85179.081
47190555,202401,0,0,0,0,0,0,593541.54,59354.154
47190582,202401,0,0,0,0,0,0,1202647.42,120264.742
47190590,202401,0,0,0,0,0,0,353810.68,35381.068
47190610,202401,0,0,0,0,0,0,49043.14,4904.314
47190645,202401,0,0,0,0,0,0,415041.89,41504.189
47190670,202401,0,0,0,0,0,0,665130.35,66513.035
47190690,202401,0,0,0,0,0,0,1166035.95,116603.595
47190250,202402,0,0,0,0,0,0,1067740,106774
47190256,202402,0,0,0,0,0,0,862485.42,86248.542
47190320,202402,0,0,0,0,0,0,45808.42,4580.842
47190340,202402,0,0,0,0,0,0,133128.21,13312.821
47190510,202402,0,0,0,0,0,0,185263.38,18526.338
47190551,202402,0,0,0,0,0,0,1159373.74,115937.374
47190565,202402,0,0,0,0,0,0,256697.49,25669.749
47190583,202402,0,0,0,0,0,0,558216.68,55821.668
47190600,202402,0,0,0,0,0,0,446267.13,44626.713
47190630,202402,0,0,0,0,0,0,400045.15,40004.515
47190660,202402,0,0,0,0,0,0,549029.18,54902.918
47190680,202402,0,0,0,0,0,0,956221.45,95622.145
47190700,202402,0,0,0,0,0,0,920140.7,92014.07
47190253,202403,0,0,0,0,0,0,487334.67,48733.467
47190310,202403,0,0,0,0,0,0,1101731.85,110173.185
47190330,202403,0,0,0,0,0,0,284790.74,28479.074
47190360,202403,0,0,0,0,0,0,205209.75,20520.975
47190535,202403,0,0,0,0,0,0,897898.25,89789.825
47190555,202403,0,0,0,0,0,0,644542.35,64454.235
47190582,202403,0,0,0,0,0,0,1358206.54,135820.654
47190590,202403,0,0,0,0,0,0,389347.11,38934.711
47190610,202403,0,0,0,0,0,0,63912.15,6391.215
47190645,202403,0,0,0,0,0,0,485026.41,48502.641
47190670,202403,0,0,0,0,0,0,723846.58,72384.658
47190690,202403,0,0,0,0,0,0,1158107.37,115810.737
47190250,202404,0,0,0,0,0,0,1053320.12,105332.012
47190256,202404,0,0,0,0,0,0,976925.56,97692.556
47190320,202404,0,0,0,0,0,0,53506.48,5350.648
47190340,202404,0,0,0,0,0,0,148664,14866.4
47190510,202404,0,0,0,0,0,0,207460.73,20746.073
47190551,202404,0,0,0,0,0,0,1203682.54,120368.254
47190565,202404,0,0,0,0,0,0,369920.12,36992.012
47190583,202404,0,0,0,0,0,0,599002.99,59900.299
47190600,202404,0,0,0,0,0,0,462871.1,46287.11
47190630,202404,0,0,0,0,0,0,463534.78,46353.478
47190660,202404,0,0,0,0,0,0,627221.82,62722.182
47190680,202404,0,0,0,0,0,0,985009.38,98500.938
47190700,202404,0,0,0,0,0,0,1029433.14,102943.314
4719025000,202405,5431665.27,319408.77,0,0,5751074.039999999,0,526800.29,3918727.472
4719025300,202405,10189457.32,576872.79,0,0,10766330.11,0,1071310.61,7355125.743
4719025600,202405,8052374.27,1576755.57,0,0,9629129.84,0,1216837.24,6073696.827
4719031000,202405,885213.15,29772.18,0,0,914985.3300000001,0,57915.38,631395.179
4719032000,202405,789786.32,53753.840000000004,0,0,843540.1599999999,0,293750.63,592976.255
4719033000,202405,1001929.02,70670.39,0,0,1072599.41,0,167495.59,732233.951
4719034000,202405,1768781.12,120256.14,0,0,1889037.26,0,237041.46,1285902.158
4719036000,202405,1374477.65,164890.63,0,0,1539368.2799999998,0,225838.4,1017696.321
4719051000,202405,12336620.85,1718548.29,0,0,14055169.14,0,898193.38,9069163.591
4719053500,202405,8049948.4,1350147.86,0,0,9400096.26,0,1335997.47,6038593.199
4719055100,202405,15624570.42,667890.89,0,0,16292461.31,0,710531.34,11141830.61
4719055500,202405,1696498.66,178362.33,0,0,1874860.99,0,410438.64,1264265.392
4719056500,202405,23531870.77,1715156.35,0,0,25247027.12,0,1428535.13,16958194.32
4719058200,202405,8668667.15,778951.9,0,0,9447619.05,0,643346.32,6288192.017
4719058300,202405,8155827.69,571793.34,0,0,8727621.030000001,0,419622.32,5865400.283
4719059000,202405,3911553.12,697791.38,0,0,4609344.5,0,491649.19,2926810.379
4719060000,202405,770540.3,66144.3,0,0,836684.6000000001,0,66063.21,559213.391
4719061000,202405,5489032.2,2133380.15,0,0,7622412.35,0,489068.62,4317905.432
4719063000,202405,2705239.87,419718.03,0,0,3124957.9000000004,0,518470.19,2029458.534
4719064500,202405,16506577.32,1221617.76,0,0,17728195.080000002,0,665030.41,11865430.72
4719066000,202405,8471368.14,781331.99,0,0,9252700.13,0,792026.65,6165426.761
4719067000,202405,27377146.89,2012298.81,0,0,29389445.7,0,1060075.73,19672470.16
4719068000,202405,15323151.75,5613007.28,0,0,20936159.03,0,1216141.3,11970421.81
4719069000,202405,27016240.92,3130690.96,0,0,30146931.880000003,0,1113198.18,19648826.65
4719070000,202405,3871415.15,5018728.28,0,0,8890143.43,0,1108826.77,3824618.938
4719025000,202406,5242057.26,306305.01,0,0,5548362.27,0,494208.68,3780121.952
4719025300,202406,9882829.06,609245.78,0,0,10492074.84,0,1002891.14,7140118.612
4719025600,202406,7322978.3,1427705.53,0,0,8750683.83,0,1108935.64,5522519.48
4719031000,202406,886205.74,33219.44,0,0,919425.1799999999,0,52870.37,632274.943
4719032000,202406,771479.08,51813.29,0,0,823292.37,0,253439.58,575741.972
4719033000,202406,981322.86,62650.6,0,0,1043973.46,0,152553.26,714711.448
4719034000,202406,1740389.28,122243.54000000001,0,0,1862632.82,0,217249.33,1264446.137
4719036000,202406,1337314.01,161973.05,0,0,1499287.06,0,210527.66,989567.183
4719051000,202406,12043628.06,1651215.91,0,0,13694843.97,0,845481.89,8845331.013
4719053500,202406,7810493.22,1304338.23,0,0,9114831.45,0,1232788.54,5851491.754
4719055100,202406,15140234.14,681187.79,0,0,15821421.93,0,663882.29,10800789.69
4719055500,202406,1664188.25,172040.99,0,0,1836229.24,0,350442.24,1234384.197
4719056500,202406,22719106.11,1628603.89,0,0,24347710,0,1312862.49,16360381.3
4719058200,202406,8482275.72,756042.78,0,0,9238318.5,0,604714.06,6149272.966
4719058300,202406,7969592.14,550398.32,0,0,8519990.459999999,0,397620.34,5728556.196
4719059000,202406,3825579.63,660049.98,0,0,4485629.609999999,0,474446.86,2857360.423
4719060000,202406,755052.84,66330.77,0,0,821383.61,0,57224.06,547525.548
4719061000,202406,5356084.1,2095234.48,0,0,7451318.58,0,469986.17,4215304.383
4719063000,202406,2422080.78,406894.19,0,0,2828974.9699999997,0,475872.71,1824422.655
4719064500,202406,15906636.76,1210627.35,0,0,17117264.11,0,639860.84,11440757.29
4719066000,202406,8158365.12,766042.3,0,0,8924407.42,0,745427.34,5938606.778
4719067000,202406,26119302.61,2001114.99,0,0,28120417.599999998,0,993232.85,18783058.11
4719068000,202406,14694542.790000001,5370172.35,0,0,20064715.14,0,1142102.15,11474424.64
4719069000,202406,23928477.24,2968658.37,0,0,26897135.61,0,1032769,17446942.64
4719070000,202406,3658417.75,4772104.94,0,0,8430522.690000001,0,1022521.7,3617565.583
4719025000,202407,5497632.08,321970.61,0,0,5819602.69,0,472932.46,3960029.824
4719025300,202407,10059876.49,628534.57,0,0,10688411.06,0,999779.31,7267598.388
4719025600,202407,7378431.42,1545251.41,0,0,8923682.83,0,1120034.19,5585955.695
4719031000,202407,905597.38,33551.840000000004,0,0,939149.22,0,50598.22,645688.356
4719032000,202407,818690.24,54011.64,0,0,872701.88,0,245357.78,608421.274
4719033000,202407,1030079.6900000001,79956.7,0,0,1110036.3900000001,0,140328.56,751079.979
4719034000,202407,1813255.33,121131.68,0,0,1934387.01,0,209496.94,1314454.761
4719036000,202407,1344191.68,165084.81,0,0,1509276.49,0,214965.79,995447.717
4719051000,202407,11982345.05,1824964.49,0,0,13807309.540000001,0,777232.22,8830357.655
4719053500,202407,8137606.54,1452408.37,0,0,9590014.91,0,1260327.76,6112839.028
4719055100,202407,15677997.93,730318.62,0,0,16408316.549999999,0,681088.51,11188771.13
4719055500,202407,1800288.6,195008.22,0,0,1995296.82,0,328383.73,1332042.037
4719056500,202407,23431170.66,1731868.59,0,0,25163039.25,0,1341691.73,16882362.35
4719058200,202407,8689620.28,859009.88,0,0,9548630.16,0,640893.69,6318625.541
4719058300,202407,8223015.48,653470.56,0,0,8876486.040000001,0,400950.81,5926900.029
4719059000,202407,3932216.4,752145.25,0,0,4684361.65,0,480511.6,2951031.69
4719060000,202407,728975.83,72846.73,0,0,801822.5599999999,0,52276.64,530080.091
4719061000,202407,5440810.31,2216535.25,0,0,7657345.56,0,479216.21,4299795.888
4719063000,202407,2528149.36,432407,0,0,2960556.36,0,469787.9,1903164.742
4719064500,202407,16168741.39,1276556.89,0,0,17445298.28,0,631307.87,11636561.14
4719066000,202407,8287039.99,846558.39,0,0,9133598.38,0,758179.56,6046057.627
4719067000,202407,26189265.23,2248566.52,0,0,28437831.75,0,1005039.95,18882702.96
4719068000,202407,15168491.19,6045498.67,0,0,21213989.86,0,1201117.25,11947155.29
4719069000,202407,23456899.64,3087591.78,0,0,26544491.42,0,1019051.32,17139253.24
4719070000,202407,3774643.16,5365204.8,0,0,9139847.96,0,1094570.17,3824748.189
4719025000,202408,5466012.12,319737.3,0,0,5785749.42,0,479920.8,3938148.024
4719025300,202408,9814917.11,548701.14,0,0,10363618.25,0,987105.16,7078892.721
4719025600,202408,7277751.79,1427076.06,0,0,8704827.85,0,1070051.51,5486846.616
4719031000,202408,923687.13,36700.04,0,0,960387.17,0,50383.19,658959.318
4719032000,202408,822808.11,56336.64,0,0,879144.75,0,277377.67,614970.772
4719033000,202408,1004634.92,70091.75,0,0,1074726.67,0,152419.05,732504.699
4719034000,202408,1777225.6,121008.20999999999,0,0,1898233.81,0,211024.6,1289362.022
4719036000,202408,1349411.53,153646.43,0,0,1503057.96,0,204476.83,995765.04
4719051000,202408,12202192.62,1750164.46,0,0,13952357.079999998,0,726036.61,8964171.387
4719053500,202408,8184210.68,1334406.84,0,0,9518617.52,0,1240262.86,6119855.13
4719055100,202408,15556105.37,674790.3099999999,0,0,16230895.68,0,677560.02,11091987.82
4719055500,202408,1825968.05,167051.81,0,0,1993019.86,0,322091.65,1343797.162
4719056500,202408,23435952.65,1596291.43,0,0,25032244.08,0,1321019.88,16856527.13
4719058200,202408,8577155.59,839412.75,0,0,9416568.34,0,631603.28,6235051.791
4719058300,202408,8106304.63,585380.4,0,0,8691685.03,0,396676.77,5831156.998
4719059000,202408,4044202.2,726511.95,0,0,4770714.15,0,470293.91,3023273.321
4719060000,202408,736658.7,70834.01,0,0,807492.71,0,48801.92,534708.084
4719061000,202408,5368562.03,2106162.72,0,0,7474724.75,0,469049.55,4226130.92
4719063000,202408,2516160.17,415104.41000000003,0,0,2931264.58,0,476067.47,1891939.748
4719064500,202408,16046864.49,1187018.46,0,0,17233882.95,0,635259.9,11533734.83
4719066000,202408,8104303.28,804268.5,0,0,8908571.780000001,0,718520.74,5905718.07
4719067000,202408,26171253.22,2078401.92,0,0,28249655.14,0,989761.34,18834533.77
4719068000,202408,14777149.85,5557787.86,0,0,20334937.71,0,1161656.76,11571728.14
4719069000,202408,25637533.26,3019799.35,0,0,28657332.610000003,0,1015446.32,18651777.78
4719070000,202408,3746643.87,4957627.06,0,0,8704270.93,0,1030389.64,3717215.085
4719025000,202409,5233327.19,291730.2,0,0,5525057.390000001,0,544676.13,3776142.686
4719025300,202409,9234858.35,543359.68,0,0,9778218.03,0,1042755.59,6677348.34
4719025600,202409,6906192.62,1295397.03,0,0,8201589.65,0,1108784.38,5204292.678
4719031000,202409,877644.19,28406.37,0,0,906050.5599999999,0,59543.82,625986.589
4719032000,202409,776064.6,49764.14,0,0,825828.74,0,332250.76,586423.124
4719033000,202409,971437.01,67373.33,0,0,1038810.34,0,171288.14,710609.387
4719034000,202409,1756758.31,115347.79,0,0,1872106.1,0,234333.27,1276233.702
4719036000,202409,1314825.19,140270.16,0,0,1455095.3499999999,0,231924.33,971624.098
4719051000,202409,11611276.17,1560473.46,0,0,13171749.629999999,0,708948.14,8510882.825
4719053500,202409,8046940.62,1225040.32,0,0,9271980.94,0,1251307.17,6002997.215
4719055100,202409,14821943.27,652277.05,0,0,15474220.32,0,690288.65,10574844.56
4719055500,202409,1762320.99,170142.05,0,0,1932463.04,0,350524.5,1302705.553
4719056500,202409,22439761.19,1642608.53,0,0,24082369.720000003,0,1358378.71,16172192.41
4719058200,202409,8335865.4799999995,804449.07,0,0,9140314.549999999,0,633505.5,6059346.2
4719058300,202409,7583253.01,580297.54,0,0,8163550.55,0,411477.85,5465484.4
4719059000,202409,3886027.57,660501.65,0,0,4546529.22,0,478018.71,2900121.5
4719060000,202409,712049.06,67734.27,0,0,779783.3300000001,0,57938.94,517775.09
4719061000,202409,5069367.99,1952576.56,0,0,7021944.550000001,0,471775.66,3986250.471
4719063000,202409,2379714.65,387940.43,0,0,2767655.08,0,473526.5,1790740.991
4719064500,202409,15312158.74,1109631.72,0,0,16421790.46,0,650424.63,11005479.93
4719066000,202409,7711507.8,765533.4,0,0,8477041.2,0,695636.79,5620725.819
4719067000,202409,24715799.330000002,1992347.5,0,0,26708146.830000002,0,1010911.41,17800620.17
4719068000,202409,14111834.35,5141115.29,0,0,19252949.64,0,1137864.62,11020293.57
4719069000,202409,24892195.46,3058677.08,0,0,27950872.54,0,1060070.28,18142279.27
4719070000,202409,3453880.7600000002,4647834.34,0,0,8101715.1,0,989408.76,3446224.276
4719025000,202410,5297913.65,256889.52,0,0,5554803.17,0,523699.69,3812287.428
4719025300,202410,9288710.99,498323.23,0,0,9787034.22,0,1142552.69,6716017.608
4719025600,202410,7150187.15,1386572.78,0,0,8536759.93,0,1259581.72,5408403.733
4719031000,202410,893752.08,31783.05,0,0,925535.13,0,56958.62,637678.928
4719032000,202410,786502.5,44667.74,0,0,831170.24,0,330558.95,592541.193
4719033000,202410,987191.8,57716.34,0,0,1044908.14,0,162078.45,718785.373
4719034000,202410,1780851.22,114930.81999999999,0,0,1895782.04,0,239789.74,1293560.992
4719036000,202410,1290756.22,147583.82,0,0,1438340.04,0,236929,956739.018
4719051000,202410,11983029.77,1578298.16,0,0,13561327.93,0,904226.54,8794203.125
4719053500,202410,8506148.42,1289271.36,0,0,9795419.78,0,1391063.01,6351264.467
4719055100,202410,15317131.8,644183.27,0,0,15961315.07,0,803489.29,10931177.84
4719055500,202410,1794502.53,172515.36,0,0,1967017.8900000001,0,412867.15,1331941.558
4719056500,202410,23445150.93,1591722.53,0,0,25036873.46,0,1550937.4,16885043.9
4719058200,202410,8742955.81,802312.85,0,0,9545268.66,0,757119.46,6356243.583
4719058300,202410,7966205.47,570379.66,0,0,8536585.129999999,0,494676.62,5739887.423
4719059000,202410,4071622.7,722473.36,0,0,4794096.0600000005,0,504412.15,3045071.777
4719060000,202410,720245.11,70511.26,0,0,790756.37,0,68124.26,525086.255
4719061000,202410,5210063.17,2117986.19,0,0,7328049.359999999,0,571399.42,4127781.399
4719063000,202410,2479165.74,411861.27,0,0,2891027.0100000002,0,541103.38,1871898.61
4719064500,202410,16052814.27,1141056.55,0,0,17193870.82,0,785613.5,11543742.65
4719066000,202410,7956477.43,836149.28,0,0,8792626.709999999,0,823908.92,5819154.949
4719067000,202410,25990926.51,2180425.41,0,0,28171351.92,0,1207038.71,18750437.51
4719068000,202410,15193028.81,5752053.97,0,0,20945082.78,0,1349540.88,11920485.05
4719069000,202410,26576883.82,3012449.19,0,0,29589333.01,0,1204894.19,19326797.93
4719070000,202410,3717336.57,5158064.99,0,0,8875401.56,0,1200357.18,3753784.315
4719025000,202411,4993805.08,275971.54,0,0,5269776.62,0,510490.79,3601906.943
4719025300,202411,8875464.96,499521.39,0,0,9374986.350000001,0,1064580.42,6419187.792
4719025600,202411,6723754.03,1258188.04,0,0,7981942.07,0,1183676.48,5076633.077
4719031000,202411,848875.78,40179.28,0,0,889055.06,0,66555.05,608904.407
4719032000,202411,743111.19,45899.270000000004,0,0,789010.46,0,304364.07,559794.094
4719033000,202411,917560.46,59709.26,0,0,977269.72,0,151613.65,669395.539
4719034000,202411,1684977.41,102547.63,0,0,1787525.04,0,233177.69,1223311.482
4719036000,202411,1200356.85,127841.22,0,0,1328198.07,0,225868.68,888404.907
4719051000,202411,11641201.94,1558686.1300000001,0,0,13199888.07,0,751982,8535776.784
4719053500,202411,8323343.17,1252393.1199999999,0,0,9575736.29,0,1383283.42,6215147.185
4719055100,202411,14919275.65,659898.89,0,0,15579174.540000001,0,725070.09,10647979.74
4719055500,202411,1734929.53,168615,0,0,1903544.53,0,328581.42,1281031.813
4719056500,202411,22864281.98,1583242.48,0,0,24447524.46,0,1439905.26,16465636.41
4719058200,202411,8390935,789226.85,0,0,9180161.85,0,676301.04,6099129.974
4719058300,202411,7857131.97,631323.47,0,0,8488455.44,0,440653.72,5670322.445
4719059000,202411,3976662.91,709815.21,0,0,4686478.12,0,474383.75,2973065.454
4719060000,202411,701938.84,70721.52,0,0,772660.36,0,58881.09,511389.601
4719061000,202411,5007647.96,1886858.08,0,0,6894506.04,0,501165.17,3932841.705
4719063000,202411,2422744.06,401196.83,0,0,2823940.89,0,499670.88,1826127.296
4719064500,202411,15434244.19,1148920.41,0,0,16583164.6,0,713086.81,11105063.7
4719066000,202411,7748703.75,807342.21,0,0,8556045.96,0,749685.56,5660529.623
4719067000,202411,25243477.27,2172326.42,0,0,27415803.689999998,0,1066950.58,18211594.43
4719068000,202411,14707185.12,5352895.34,0,0,20060080.46,0,1206911.99,11486299.85
4719069000,202411,25717431.22,2974027.11,0,0,28691458.33,0,1082140.07,18705221.28
4719070000,202411,3544840.5,4608633,0,0,8153473.5,0,1058751.62,3508990.112
4719025000,202412,5138092.04,172051.74,0,0,5310143.78,0,466458.3,3677720.606
4719025300,202412,9110806.66,369048.63,0,0,9479855.290000001,0,1030801.71,6554454.559
4719025600,202412,6712559.67,1262528.09,0,0,7975087.76,0,1133747.81,5064672.168
4719031000,202412,869580.26,19106.66,0,0,888686.92,0,45572.28,617084.742
4719032000,202412,764978.38,41863.99,0,0,806842.37,0,267221.75,570579.839
4719033000,202412,924235.27,46187.36,0,0,970422.63,0,129547.93,669156.954
4719034000,202412,1740544.98,104918.31,0,0,1845463.29,0,211862.81,1260551.429
4719036000,202412,1202948.48,83200.88,0,0,1286149.3599999999,0,198040.1,878508.122
4719051000,202412,12250507.82,1480837.34,0,0,13731345.16,0,718648.18,8943387.76
4719053500,202412,8687214.84,1242548.53,0,0,9929763.37,0,1335446.15,6463104.709
4719055100,202412,15457866.29,513018.12,0,0,15970884.409999998,0,706437.51,10993753.78
4719055500,202412,1808800.19,159525.9,0,0,1968326.0899999999,0,305137.82,1328579.095
4719056500,202412,23575597.63,1217681.47,0,0,24793279.099999998,0,1309081.09,16877362.74
4719058200,202412,8745549.41,682957.21,0,0,9428506.620000001,0,631237.6,6321599.789
4719058300,202412,8159041.82,360598.54,0,0,8519640.36,0,422062.74,5825655.256
4719059000,202412,4255719.81,661268.69,0,0,4916988.5,0,483994.23,3159657.028
4719060000,202412,736646.61,60236.8,0,0,796883.41,0,54412.25,533141.212
4719061000,202412,5151487.41,1808132.18,0,0,6959619.59,0,460751.22,4013742.745
4719063000,202412,2536384.46,403387.91,0,0,2939772.37,0,475898.68,1903736.572
4719064500,202412,16222549.01,1014010.15,0,0,17236559.16,0,678577.45,11626444.08
4719066000,202412,8028454.05,760395.51,0,0,8788849.56,0,705090.02,5842505.939
4719067000,202412,26103178.08,1778372.06,0,0,27881550.139999997,0,990549.13,18726953.98
4719068000,202412,15297171.370000001,4871837.15,0,0,20169008.520000003,0,1166608.82,11799048.27
4719069000,202412,26652882.2,2684339.08,0,0,29337221.28,0,1015973.17,19295482.67
4719070000,202412,3654917.69,4691035.03,0,0,8345952.720000001,0,1030024.27,3599651.816
